-- MySQL dump 10.13  Distrib 8.0.15, for Win64 (x86_64)
--
-- Host: localhost    Database: orangebee_ods
-- ------------------------------------------------------
-- Server version	8.0.15

/*!40101 SET @OLD_CHARACTER_SET_CLIENT=@@CHARACTER_SET_CLIENT */;
/*!40101 SET @OLD_CHARACTER_SET_RESULTS=@@CHARACTER_SET_RESULTS */;
/*!40101 SET @OLD_COLLATION_CONNECTION=@@COLLATION_CONNECTION */;
 SET NAMES utf8 ;
/*!40103 SET @OLD_TIME_ZONE=@@TIME_ZONE */;
/*!40103 SET TIME_ZONE='+00:00' */;
/*!40014 SET @OLD_UNIQUE_CHECKS=@@UNIQUE_CHECKS, UNIQUE_CHECKS=0 */;
/*!40014 SET @OLD_FOREIGN_KEY_CHECKS=@@FOREIGN_KEY_CHECKS, FOREIGN_KEY_CHECKS=0 */;
/*!40101 SET @OLD_SQL_MODE=@@SQL_MODE, SQL_MODE='NO_AUTO_VALUE_ON_ZERO' */;
/*!40111 SET @OLD_SQL_NOTES=@@SQL_NOTES, SQL_NOTES=0 */;

--
-- Table structure for table `bills_ods`
--

DROP TABLE IF EXISTS `bills_ods`;
/*!40101 SET @saved_cs_client     = @@character_set_client */;
 SET character_set_client = utf8mb4 ;
CREATE TABLE `bills_ods` (
  `Bill_id` text,
  `Order_id` int(11) DEFAULT NULL,
  `Customer_id` text,
  `Bill_date` text,
  `Bill_amount` double DEFAULT NULL,
  `Tips` double DEFAULT NULL,
  `Discount` text
) ENGINE=InnoDB DEFAULT CHARSET=utf8mb4 COLLATE=utf8mb4_0900_ai_ci;
/*!40101 SET character_set_client = @saved_cs_client */;

--
-- Dumping data for table `bills_ods`
--

LOCK TABLES `bills_ods` WRITE;
/*!40000 ALTER TABLE `bills_ods` DISABLE KEYS */;
INSERT INTO `bills_ods` VALUES ('B0001',10100,'U1001','11-11-2017',40.59,6.0885,'Nil'),('B0002',10101,'U1002','13-01-2018',54.76,8.214,'Coupon'),('B0003',10102,'U1003','13-11-2017',33.68,5.052,'3%'),('B0004',10103,'U1004','02-01-2018',309.5,46.425,'Nil'),('B0005',10104,'U1005','12-02-2018',217.45,32.6175,'2%'),('B0006',10105,'U1006','14-11-2017',177.29,26.5935,'Coupon'),('B0007',10106,'U1007','21-12-2017',110.15,16.5225,'3%'),('B0008',10107,'U1008','08-12-2017',94.81,14.2215,'3%'),('B0009',10108,'U1009','18-01-2018',247.38,37.107,'Coupon'),('B0010',10109,'U1010','27-02-2018',65.73,9.8595,'2%'),('B0011',10110,'U1011','02-03-2018',373.72,56.058,'GiftCard'),('B0012',10111,'U1012','22-12-2017',51.92,7.788,'GiftCard'),('B0013',10112,'U1013','21-12-2017',52.5,7.875,'GiftCard'),('B0014',10113,'U1014','18-01-2018',132.3,19.845,'2%'),('B0015',10114,'U1015','21-11-2017',67.04,10.056,'Nil'),('B0016',10115,'U1016','27-11-2017',36.27,5.4405,'Nil'),('B0017',10116,'U1017','20-11-2017',8.37,1.2555,'GiftCard'),('B0018',10117,'U1018','11-11-2017',95.45,14.3175,'Nil'),('B0019',10118,'U1019','13-01-2018',13,1.95,'3%'),('B0020',10119,'U1020','05-01-2018',195.57,29.3355,'Coupon'),('B0021',10120,'U1021','13-12-2017',120.45,18.0675,'GiftCard'),('B0022',10121,'U1022','09-02-2018',38.98,5.847,'2%'),('B0023',10122,'U1023','28-12-2017',303.25,45.4875,'GiftCard'),('B0024',10123,'U1024','29-01-2018',41.75,6.2625,'3%'),('B0025',10124,'U1025','03-12-2019',170.42,25.563,'3%'),('B0026',10125,'U1026','03/31/2019',40.97,6.1455,'3%'),('B0027',10126,'U1027','02-12-2019',475.09,71.2635,'Coupon'),('B0028',10127,'U1028','09-12-2019',253.59,38.0385,'2%'),('B0029',10128,'U1029','09-05-2018',92.74,13.911,'Coupon'),('B0030',10129,'U1030','10/22/2019',64.59,9.6885,'2%'),('B0031',10130,'U1031','06/30/2018',67.25,10.0875,'Nil'),('B0032',10131,'U1032','09-07-2018',39.03,5.8545,'Nil'),('B0033',10132,'U1033','02-06-2019',144.81,21.7215,'Nil'),('B0034',10133,'U1034','08-02-2019',206.82,31.023,'2%'),('B0035',10134,'U1035','08/17/2019',33.16,4.974,'Nil'),('B0036',10135,'U1036','02/27/2019',113.92,17.088,'2%'),('B0037',10136,'U1037','11-06-2018',129.16,19.374,'Coupon'),('B0038',10137,'U1038','04-04-2018',298.16,44.724,'3%'),('B0039',10138,'U1039','10/21/2018',31.25,4.6875,'Nil'),('B0040',10139,'U1040','07-05-2019',91.31,13.6965,'GiftCard'),('B0041',10140,'U1041','09/27/2019',6.45,0.9675,'2%'),('B0042',10141,'U1042','04-12-2018',66.98,10.047,'GiftCard'),('B0043',10142,'U1043','02/20/2019',52.99,7.9485,'Nil'),('B0044',10143,'U1044','07/20/2019',115.65,17.3475,'Coupon'),('B0045',10144,'U1045','04/26/2018',269.34,40.401,'Coupon'),('B0046',10145,'U1046','12/24/2017',134.85,20.2275,'2%'),('B0047',10146,'U1047','11/24/2018',298.96,44.844,'GiftCard'),('B0048',10147,'U1048','05-05-2018',51.98,7.797,'Coupon'),('B0049',10148,'U1049','08/26/2018',10,1.5,'2%'),('B0050',10149,'U1050','04/26/2019',42.44,6.366,'GiftCard'),('B0051',10150,'U1051','11-05-2018',30.75,4.6125,'GiftCard'),('B0052',10151,'U1052','04-02-2019',50.84,7.626,'Nil'),('B0053',10152,'U1053','04/23/2018',31.46,4.719,'3%'),('B0054',10153,'U1054','08/19/2019',27.96,4.194,'3%'),('B0055',10154,'U1055','11/20/2018',29.05,4.3575,'3%'),('B0056',10155,'U1056','05-01-2018',15.28,2.292,'Nil'),('B0057',10156,'U1057','02-04-2019',11.49,1.7235,'3%'),('B0058',10157,'U1058','11/22/2018',22.08,3.312,'Coupon'),('B0059',10158,'U1059','08/17/2018',11.29,1.6935,'3%'),('B0060',10159,'U1060','12/19/2018',34.73,5.2095,'2%'),('B0061',10160,'U1061','10/19/2018',8.78,1.317,'Nil'),('B0062',10161,'U1062','12-02-2017',22.98,3.447,'3%'),('B0063',10162,'U1063','07/26/2019',35.22,5.283,'GiftCard'),('B0064',10163,'U1064','12/14/2017',29.07,4.3605,'GiftCard'),('B0065',10164,'U1065','06-01-2018',11.54,1.731,'Coupon'),('B0066',10165,'U1066','08/24/2018',22.53,3.3795,'2%'),('B0067',10166,'U1067','05/27/2018',46.72,7.008,'Nil'),('B0068',10167,'U1068','07/23/2019',19.98,2.997,'Nil'),('B0069',10168,'U1069','04/29/2019',44.71,6.7065,'Coupon'),('B0070',10169,'U1070','11/27/2017',18.58,2.787,'2%'),('B0071',10170,'U1071','04-01-2019',31.18,4.677,'Coupon'),('B0072',10171,'U1072','04-09-2018',50.68,7.602,'Nil'),('B0073',10172,'U1073','06-06-2018',34.27,5.1405,'Nil'),('B0074',10173,'U1074','04/15/2019',43.79,6.5685,'2%'),('B0075',10174,'U1075','07/23/2018',15.12,2.268,'3%'),('B0076',10175,'U1076','11/19/2017',29.58,4.437,'GiftCard'),('B0077',10176,'U1077','05/15/2019',102.89,15.4335,'3%'),('B0078',10177,'U1078','03/29/2018',51.85,7.7775,'Nil'),('B0079',10178,'U1079','05-01-2019',57.47,8.6205,'Nil'),('B0080',10179,'U1080','12-07-2018',4.25,0.6375,'GiftCard'),('B0081',10180,'U1081','02/18/2018',12.75,1.9125,'3%'),('B0082',10181,'U1082','07/31/2018',2.29,0.3435,'Coupon'),('B0083',10182,'U1083','02-07-2018',2.29,0.3435,'2%'),('B0084',10183,'U1084','11-07-2019',2.58,0.387,'GiftCard'),('B0085',10184,'U1085','04/18/2019',2.29,0.3435,'3%'),('B0086',10185,'U1086','01/19/2018',14.58,2.187,'Coupon'),('B0087',10186,'U1087','04/18/2019',5.49,0.8235,'GiftCard'),('B0088',10187,'U1088','03-11-2018',72.82,10.923,'Nil'),('B0089',10188,'U1089','01/24/2018',33.45,5.0175,'GiftCard'),('B0090',10189,'U1090','10-04-2019',2.5,0.375,'GiftCard'),('B0091',10190,'U1091','09-11-2018',1.99,0.2985,'3%'),('B0092',10191,'U1092','01/19/2018',3.04,0.456,'3%'),('B0093',10192,'U1093','01/13/2018',10.25,1.5375,'Coupon'),('B0094',10193,'U1094','08-03-2019',8,1.2,'3%'),('B0095',10194,'U1095','03-08-2019',10.59,1.5885,'Coupon'),('B0096',10195,'U1096','03/20/2018',10.25,1.5375,'Coupon'),('B0097',10196,'U1097','09/24/2019',65.48,9.822,'Coupon'),('B0098',10197,'U1098','07-04-2018',16.59,2.4885,'3%'),('B0099',10198,'U1099','06/15/2019',11.54,1.731,'2%'),('B0100',10199,'U1100','09/22/2018',11.85,1.7775,'2%'),('B0101',10200,'U1101','01-08-2018',58.15,8.7225,'Nil'),('B0102',10201,'U1102','08-05-2019',50.02,7.503,'GiftCard'),('B0103',10202,'U1103','07/18/2018',112.9,16.935,'3%'),('B0104',10203,'U1104','01/20/2018',6.48,0.972,'2%'),('B0105',10204,'U1105','11-05-2018',23.7,3.555,'2%'),('B0106',10205,'U1106','08-08-2019',32.97,4.9455,'3%'),('B0107',10206,'U1107','04-09-2018',85.03,12.7545,'Coupon'),('B0108',10207,'U1108','11-03-2019',14.9,2.235,'Nil'),('B0109',10208,'U1109','12/25/2017',32.07,4.8105,'3%'),('B0110',10209,'U1110','07-09-2019',6.5,0.975,'GiftCard'),('B0111',10210,'U1111','07/29/2018',29.28,4.392,'3%'),('B0112',10211,'U1112','10-12-2019',11.07,1.6605,'GiftCard'),('B0113',10212,'U1113','03/23/2019',25.38,3.807,'3%'),('B0114',10213,'U1114','05/20/2018',2.5,0.375,'GiftCard'),('B0115',10214,'U1115','11/29/2017',16.04,2.406,'2%'),('B0116',10215,'U1116','12/20/2017',2.15,0.3225,'2%'),('B0117',10216,'U1117','07-02-2018',33.21,4.9815,'2%'),('B0118',10217,'U1118','09-04-2018',42.01,6.3015,'2%'),('B0119',10218,'U1119','07/31/2018',36.26,5.439,'Coupon'),('B0120',10219,'U1120','05/18/2019',27.99,4.1985,'Nil'),('B0121',10220,'U1121','02-07-2018',37.55,5.6325,'2%'),('B0122',10221,'U1122','07-02-2018',17.82,2.673,'Coupon'),('B0123',10222,'U1123','09-06-2018',27.12,4.068,'3%'),('B0124',10223,'U1124','09/14/2018',71.12,10.668,'2%'),('B0125',10224,'U1125','08/24/2019',91.53,13.7295,'2%'),('B0126',10225,'U1126','01/14/2019',32.43,4.8645,'GiftCard'),('B0127',10226,'U1127','03-03-2019',9,1.35,'2%'),('B0128',10227,'U1128','08/23/2019',29.25,4.3875,'3%'),('B0129',10228,'U1129','11/15/2017',92.08,13.812,'3%'),('B0130',10229,'U1130','03-07-2018',25.14,3.771,'Coupon'),('B0131',10230,'U1131','08/23/2018',13,1.95,'Coupon'),('B0132',10231,'U1132','05/29/2018',108.08,16.212,'Nil'),('B0133',10232,'U1133','04-06-2018',58.84,8.826,'2%'),('B0134',10233,'U1134','11/24/2017',33.93,5.0895,'GiftCard'),('B0135',10234,'U1135','03/15/2018',26.55,3.9825,'3%'),('B0136',10235,'U1136','11/23/2018',70.54,10.581,'Nil'),('B0137',10236,'U1137','09/22/2018',26.11,3.9165,'Coupon'),('B0138',10237,'U1138','09-03-2019',33.72,5.058,'3%');
/*!40000 ALTER TABLE `bills_ods` ENABLE KEYS */;
UNLOCK TABLES;

--
-- Table structure for table `customer_ods`
--

DROP TABLE IF EXISTS `customer_ods`;
/*!40101 SET @saved_cs_client     = @@character_set_client */;
 SET character_set_client = utf8mb4 ;
CREATE TABLE `customer_ods` (
  `Customer_id` varchar(20) DEFAULT NULL,
  `First_name` varchar(45) DEFAULT NULL,
  `Last_name` varchar(45) DEFAULT NULL,
  `Latitude` bigint(20) DEFAULT NULL,
  `Longitude` bigint(20) DEFAULT NULL,
  `Age` bigint(20) DEFAULT NULL,
  `Gender` varchar(6) DEFAULT NULL,
  `last_wh_update` datetime DEFAULT NULL
) ENGINE=InnoDB DEFAULT CHARSET=utf8mb4 COLLATE=utf8mb4_0900_ai_ci;
/*!40101 SET character_set_client = @saved_cs_client */;

--
-- Dumping data for table `customer_ods`
--

LOCK TABLES `customer_ods` WRITE;
/*!40000 ALTER TABLE `customer_ods` DISABLE KEYS */;
INSERT INTO `customer_ods` VALUES ('U1001','Hiroko','Townsend',22,-101,25,'Female','2019-11-08 00:00:00'),('U1002','Quinn','Clay',22,-101,56,'Male','2019-11-08 00:00:00'),('U1003','Giselle','Horne',22,-101,65,'Female','2019-11-08 00:00:00'),('U1004','Isabelle','Sexton',19,-99,68,'Male','2019-11-08 00:00:00'),('U1005','Nash','Gilliam',22,-101,31,'Male','2019-11-08 00:00:00'),('U1006','Grady','Holloway',22,-101,61,'Female','2019-11-08 00:00:00'),('U1007','Tarik','Wood',22,-101,60,'Male','2019-11-08 00:00:00'),('U1008','Bert','Johnson',22,-101,31,'Male','2019-11-08 00:00:00'),('U1009','Lunea','Osborne',22,-101,34,'Male','2019-11-08 00:00:00'),('U1010','Kane','Simpson',22,-101,64,'Male','2019-11-08 00:00:00'),('U1011','Beverly','Barrett',24,-99,65,'Male','2019-11-08 00:00:00'),('U1012','Christopher','Chan',19,-99,23,'Female','2019-11-08 00:00:00'),('U1013','Emma','Thompson',22,-101,68,'Male','2019-11-08 00:00:00'),('U1014','Talon','Calhoun',24,-99,23,'Female','2019-11-08 00:00:00'),('U1015','Kerry','Walsh',22,-101,21,'Male','2019-11-08 00:00:00'),('U1016','Carol','Boyer',22,-101,61,'Male','2019-11-08 00:00:00'),('U1017','Amos','Dejesus',19,-99,35,'Male','2019-11-08 00:00:00'),('U1018','Zia','Noel',22,-101,69,'Male','2019-11-08 00:00:00'),('U1019','Paloma','May',22,-101,58,'Male','2019-11-08 00:00:00'),('U1020','Stacey','Tate',19,-99,20,'Male','2019-11-08 00:00:00'),('U1021','Barclay','Rice',24,-99,44,'Female','2019-11-08 00:00:00'),('U1022','Silas','Shelton',22,-101,74,'Male','2019-11-08 00:00:00'),('U1023','Keegan','Sexton',24,-99,45,'Female','2019-11-08 00:00:00'),('U1024','Lillith','Flowers',22,-101,58,'Female','2019-11-08 00:00:00'),('U1025','Rowan','Collier',22,-101,65,'Female','2019-11-08 00:00:00'),('U1026','Kyra','Mcdowell',24,-99,76,'Male','2019-11-08 00:00:00'),('U1027','Solomon','Church',22,-101,21,'Male','2019-11-08 00:00:00'),('U1028','Gloria','Bauer',24,-99,31,'Male','2019-11-08 00:00:00'),('U1029','Sydnee','Chapman',22,-101,59,'Male','2019-11-08 00:00:00'),('U1030','Deanna','Herring',19,-99,69,'Female','2019-11-08 00:00:00'),('U1031','Kenyon','Livingston',24,-99,36,'Female','2019-11-08 00:00:00'),('U1032','Duncan','Perkins',22,-101,59,'Male','2019-11-08 00:00:00'),('U1033','Garrett','Graham',22,-101,38,'Female','2019-11-08 00:00:00'),('U1034','Georgia','Owen',22,-101,71,'Male','2019-11-08 00:00:00'),('U1035','Lois','Foster',19,-99,24,'Male','2019-11-08 00:00:00'),('U1036','Claire','Chandler',22,-101,32,'Male','2019-11-08 00:00:00'),('U1037','Kristen','Cortez',22,-101,55,'Female','2019-11-08 00:00:00'),('U1038','Cathleen','Phelps',22,-101,60,'Female','2019-11-08 00:00:00'),('U1039','Ria','Sheppard',24,-99,28,'Female','2019-11-08 00:00:00'),('U1040','Giacomo','Clark',19,-99,33,'Female','2019-11-08 00:00:00'),('U1041','Blake','Castillo',19,-99,32,'Female','2019-11-08 00:00:00'),('U1042','Clio','Wolf',19,-99,52,'Male','2019-11-08 00:00:00'),('U1043','Ifeoma','Ayala',24,-99,62,'Male','2019-11-08 00:00:00'),('U1044','Justina','Russo',19,-99,58,'Male','2019-11-08 00:00:00'),('U1045','Jermaine','Pearson',22,-101,47,'Male','2019-11-08 00:00:00'),('U1046','Moana','Dickerson',22,-101,40,'Male','2019-11-08 00:00:00'),('U1047','Lani','Mcguire',22,-101,26,'Male','2019-11-08 00:00:00'),('U1048','Josiah','Bryan',22,-101,13,'Female','2019-11-08 00:00:00'),('U1049','Raja','Welch',22,-101,78,'Female','2019-11-08 00:00:00'),('U1050','Simon','Bailey',24,-99,16,'Female','2019-11-08 00:00:00'),('U1051','Azalia','Peck',19,-99,14,'Female','2019-11-08 00:00:00'),('U1052','Ivan','Rice',22,-101,53,'Male','2019-11-08 00:00:00'),('U1053','Leandra','Suarez',22,-101,62,'Female','2019-11-08 00:00:00'),('U1054','Moses','Leblanc',22,-101,47,'Female','2019-11-08 00:00:00'),('U1055','Brenda','Mayo',22,-101,78,'Female','2019-11-08 00:00:00'),('U1056','Shad','Mooney',22,-101,59,'Female','2019-11-08 00:00:00'),('U1057','Katelyn','Head',22,-101,62,'Female','2019-11-08 00:00:00'),('U1058','Wyatt','Fuentes',22,-101,60,'Male','2019-11-08 00:00:00'),('U1059','Hyacinth','Soto',19,-99,79,'Female','2019-11-08 00:00:00'),('U1060','Tanya','Weaver',24,-99,25,'Female','2019-11-08 00:00:00'),('U1061','Brian','Sanford',22,-101,48,'Female','2019-11-08 00:00:00'),('U1062','Cassandra','Bryan',22,-101,78,'Male','2019-11-08 00:00:00'),('U1063','Raven','Floyd',24,-99,26,'Male','2019-11-08 00:00:00'),('U1064','Illana','Navarro',22,-101,61,'Female','2019-11-08 00:00:00'),('U1065','April','Herman',24,-99,66,'Male','2019-11-08 00:00:00'),('U1066','Hayfa','Wilcox',19,-99,25,'Male','2019-11-08 00:00:00'),('U1067','Wang','Chambers',24,-99,49,'Male','2019-11-08 00:00:00'),('U1068','Piper','Foley',24,-99,45,'Female','2019-11-08 00:00:00'),('U1069','Rosalyn','Cruz',19,-99,58,'Female','2019-11-08 00:00:00'),('U1070','Stacy','Good',24,-99,32,'Male','2019-11-08 00:00:00'),('U1071','TaShya','Turner',22,-101,16,'Female','2019-11-08 00:00:00'),('U1072','Arthur','Allen',19,-99,66,'Female','2019-11-08 00:00:00'),('U1073','Kylie','Obrien',22,-101,29,'Male','2019-11-08 00:00:00'),('U1074','Rajah','Hopper',19,-99,12,'Male','2019-11-08 00:00:00'),('U1075','Dustin','Young',22,-101,79,'Female','2019-11-08 00:00:00'),('U1076','Kane','Perkins',22,-101,21,'Male','2019-11-08 00:00:00'),('U1077','Plato','Simon',22,-101,31,'Female','2019-11-08 00:00:00'),('U1078','Bevis','Simon',22,-101,69,'Male','2019-11-08 00:00:00'),('U1079','Cedric','Rasmussen',19,-99,61,'Male','2019-11-08 00:00:00'),('U1080','Len','Rivers',24,-99,67,'Female','2019-11-08 00:00:00'),('U1081','Valentine','Vincent',22,-101,39,'Male','2019-11-08 00:00:00'),('U1082','Hadassah','Mccarty',24,-99,48,'Female','2019-11-08 00:00:00'),('U1083','Lilah','Mendoza',22,-101,45,'Female','2019-11-08 00:00:00'),('U1084','Rina','Shaw',22,-101,19,'Male','2019-11-08 00:00:00'),('U1085','Keiko','Mckee',22,-101,80,'Female','2019-11-08 00:00:00'),('U1086','Timothy','Duncan',22,-101,69,'Female','2019-11-08 00:00:00'),('U1087','Lev','Lester',24,-99,22,'Female','2019-11-08 00:00:00'),('U1088','Hakeem','Fox',22,-101,69,'Male','2019-11-08 00:00:00'),('U1089','Carolyn','Baker',22,-101,22,'Male','2019-11-08 00:00:00'),('U1090','Jamal','Roach',22,-101,70,'Male','2019-11-08 00:00:00'),('U1091','Ruby','Manning',22,-101,49,'Female','2019-11-08 00:00:00'),('U1092','Colton','Joyner',22,-101,30,'Male','2019-11-08 00:00:00'),('U1093','Madison','Walls',19,-99,67,'Female','2019-11-08 00:00:00'),('U1094','Josephine','Fuller',24,-99,54,'Male','2019-11-08 00:00:00'),('U1095','Alan','Bright',22,-101,24,'Female','2019-11-08 00:00:00'),('U1096','Kasper','Rich',22,-101,72,'Male','2019-11-08 00:00:00'),('U1097','Brenna','Horne',22,-101,32,'Female','2019-11-08 00:00:00'),('U1098','August','Duke',22,-101,65,'Male','2019-11-08 00:00:00'),('U1099','Caryn','Spencer',22,-101,79,'Male','2019-11-08 00:00:00'),('U1100','Marshall','Ashley',19,-99,39,'Female','2019-11-08 00:00:00'),('U1101','Autumn','Ortega',22,-101,25,'Male','2019-11-08 00:00:00'),('U1102','Ori','Lancaster',22,-101,37,'Male','2019-11-08 00:00:00'),('U1103','Keaton','David',24,-99,60,'Female','2019-11-08 00:00:00'),('U1104','Walter','Aguilar',22,-101,41,'Female','2019-11-08 00:00:00'),('U1105','Fredericka','Holden',22,-101,31,'Female','2019-11-08 00:00:00'),('U1106','Todd','Leblanc',19,-99,39,'Male','2019-11-08 00:00:00'),('U1107','Hashim','Aguirre',24,-99,28,'Female','2019-11-08 00:00:00'),('U1108','Caryn','Melton',22,-101,74,'Male','2019-11-08 00:00:00'),('U1109','Micah','Boyer',22,-101,42,'Male','2019-11-08 00:00:00'),('U1110','Irene','Mann',19,-99,71,'Male','2019-11-08 00:00:00'),('U1111','Harding','Good',22,-101,14,'Male','2019-11-08 00:00:00'),('U1112','Clarke','Little',22,-101,53,'Male','2019-11-08 00:00:00'),('U1113','Yoshio','Carr',22,-101,37,'Female','2019-11-08 00:00:00'),('U1114','Ursula','Arnold',22,-101,36,'Male','2019-11-08 00:00:00'),('U1115','Teagan','Graves',22,-101,12,'Male','2019-11-08 00:00:00'),('U1116','Orli','Sanchez',22,-101,22,'Female','2019-11-08 00:00:00'),('U1117','Bevis','Pena',19,-99,64,'Female','2019-11-08 00:00:00'),('U1118','Valentine','Mcdonald',19,-99,49,'Male','2019-11-08 00:00:00'),('U1119','Solomon','Green',19,-99,66,'Male','2019-11-08 00:00:00'),('U1120','Fletcher','Dillard',22,-101,74,'Female','2019-11-08 00:00:00'),('U1121','Amela','Mclean',19,-99,56,'Male','2019-11-08 00:00:00'),('U1122','Aquila','Brennan',22,-101,33,'Female','2019-11-08 00:00:00'),('U1123','Zachary','Conley',24,-99,65,'Female','2019-11-08 00:00:00'),('U1124','Kasper','Morrison',22,-101,65,'Male','2019-11-08 00:00:00'),('U1125','Galvin','Hawkins',22,-101,39,'Female','2019-11-08 00:00:00'),('U1126','Alden','Pitts',22,-101,29,'Male','2019-11-08 00:00:00'),('U1127','Eaton','Mueller',19,-99,17,'Female','2019-11-08 00:00:00'),('U1128','Gannon','Bolton',22,-101,37,'Female','2019-11-08 00:00:00'),('U1129','Cassandra','York',24,-99,14,'Female','2019-11-08 00:00:00'),('U1130','Eleanor','Juarez',24,-99,45,'Female','2019-11-08 00:00:00'),('U1131','Kitra','Kirkland',22,-101,12,'Female','2019-11-08 00:00:00'),('U1132','Zia','Walters',22,-101,16,'Female','2019-11-08 00:00:00'),('U1133','Howard','Avila',19,-99,33,'Male','2019-11-08 00:00:00'),('U1134','Cleo','Bentley',22,-101,38,'Female','2019-11-08 00:00:00'),('U1135','Christopher','Alford',22,-101,72,'Male','2019-11-08 00:00:00'),('U1136','Kevin','Nichols',22,-101,35,'Female','2019-11-08 00:00:00'),('U1137','Winifred','Olsen',22,-101,12,'Male','2019-11-08 00:00:00'),('U1138','Zeph','Castillo',22,-101,26,'Male','2019-11-08 00:00:00');
/*!40000 ALTER TABLE `customer_ods` ENABLE KEYS */;
UNLOCK TABLES;

--
-- Table structure for table `menu_ods`
--

DROP TABLE IF EXISTS `menu_ods`;
/*!40101 SET @saved_cs_client     = @@character_set_client */;
 SET character_set_client = utf8mb4 ;
CREATE TABLE `menu_ods` (
  `Food_Item_code` int(11) DEFAULT NULL,
  `Food_Item_name` tinytext,
  `Food_category` tinytext,
  `Calories` int(11) DEFAULT NULL,
  `Price` double DEFAULT NULL
) ENGINE=InnoDB DEFAULT CHARSET=utf8mb4 COLLATE=utf8mb4_0900_ai_ci;
/*!40101 SET character_set_client = @saved_cs_client */;

--
-- Dumping data for table `menu_ods`
--

LOCK TABLES `menu_ods` WRITE;
/*!40000 ALTER TABLE `menu_ods` DISABLE KEYS */;
INSERT INTO `menu_ods` VALUES (10012,'French Onion Soup','Soup',370,3.69),(10013,'Tomato Basil Soup','Soup',190,3.69),(10014,'Chili','Soup',320,3.69),(10018,'Chicken Tortilla Soup','Soup',200,3.69),(60007,'Strawberry Shake','Beverages',730,6),(10020,'House Salad','Salads',190,3.69),(10023,'Oriental Chicken Salad','Salads',460,5),(10025,'Caesar Salad','Salads',230,4.69),(10040,'Grilled Chicken Caesar Salad','Salads',800,6.26),(10056,'Oriental Grilled Chicken Salad','Salads',1290,5.29),(10068,'Pecan Crusted Chicken Salad','Salads',1280,6.29),(10078,'Battered Fish Sandwich','Sandwiches',770,12.99),(10082,'Clubhouse Grille','Sandwiches',1100,9.99),(10087,'Chicken Fajita Rollup','Sandwiches',690,9.99),(10090,'Mini Cheeseburger','Burgers',360,4.99),(10091,'2 Mini Cheeseburgers','Burgers',650,5.99),(10092,'Mini Hamburger','Burgers',320,4.99),(10093,'2 Mini Hamburgers','Burgers',580,5.99),(10094,'Corn Dog','Sandwiches',200,4.99),(10106,'Quesadilla Burger','Burgers',1400,10.49),(10108,'Classic Burger','Burgers',760,8.99),(10113,'Chicken Fajita Rollup','Sandwiches',1090,9.29),(10117,'Chicken Tenders','Entrees',310,10.79),(10118,'Kraft Macaroni & Cheese','Entrees',300,4.99),(10119,'Fried Shrimp','Entrees',230,5.99),(10121,'4 oz Sirloin','Entrees',140,9.99),(10122,'Chicken Quesadilla','Entrees',970,7.99),(10125,'Grilled Chicken Wonton Tacos','Sandwiches',480,6.99),(10126,'Mozzarella Sticks','Appetizers & Sides',920,8.29),(10128,'Spinach & Artichoke Dip','Appetizers & Sides',960,7.99),(10175,'Shrimp N Parmesan Sirloin','Entrees',580,17.99),(10184,'Bourbon Street Chicken & Shrimp','Entrees',640,12.99),(10195,'Fiesta Lime Chicken','Entrees',1140,11.99),(10272,'Pepsi','Beverages',100,1.99),(10196,'Chicken Tenders Platter','Entrees',1460,10.79),(10197,'Chicken Tenders Basket','Entrees',1150,9.29),(10212,'Double Crunch Shrimp','Entrees',1230,12.89),(10215,'Hand Battered Fish & Chips','Entrees',1520,12.29),(10216,'New England Fish & Chips/Hand Battered Fish Fry','Entrees',1990,13.29),(10222,'Classic Fries','Appetizers & Sides',430,10.99),(10223,'Crunchy Onion Rings','Appetizers & Sides',530,14.99),(10228,'Steamed Broccoli','Appetizers & Sides',30,3.99),(10231,'Baked Potato','Appetizers & Sides',390,1.49),(10234,'Baked Potato, Loaded','Appetizers & Sides',460,1.99),(10235,'Garlic Mashed Potatoes, Loaded','Appetizers & Sides',490,1.99),(10236,'Garlic Mashed Potatoes','Appetizers & Sides',260,1.49),(10243,'Bleu Cheese Dressing','Toppings & Ingredients',240,1.29),(10252,'Dijon Honey Mustard Dressing','Toppings & Ingredients',210,1.29),(10253,'Mexi Ranch Dressing','Toppings & Ingredients',170,1.29),(10254,'Buttermilk Ranch Dressing','Toppings & Ingredients',210,1.29),(10256,'Chocolate Chip Cookie Sundae','Desserts',1490,7.49),(10258,'Triple Chocolate Meltdown','Desserts',980,6.49),(10260,'Dessert Shooter, Hot Fudge Sundae','Desserts',470,2.49),(10262,'Blue Ribbon Brownie','Desserts',1670,5.49),(10265,'Oreo Cookie Sundae','Desserts',440,4.49),(10270,'Oreo Cookie Shake','Beverages',820,5.49),(10273,'Diet Pepsi','Beverages',0,1.42),(10274,'Mountain Dew','Beverages',110,1.42),(10275,'Sierra Mist','Beverages',100,1.42),(10276,'Brewed Iced Tea','Beverages',5,1.59),(10277,'Fresh Brewed Decaf Coffee','Beverages',0,2.29),(10278,'Dr Pepper','Beverages',100,1.29),(10280,'Wild Cherry Pepsi','Beverages',100,1.29),(10282,'Diet Mountain Dew','Beverages',0,1.49),(10283,'Caffeine Free Diet Pepsi','Beverages',0,1.79),(10284,'Mug Root Beer','Beverages',100,2.29),(10289,'Apple Juice','Beverages',90,2.29),(10290,'Grape Juice','Beverages',80,3.29),(10292,'Orange Tangerine Juice','Beverages',100,2.29),(10293,'Milk, 1%, Chocolate','Beverages',150,2.29),(10294,'Milk, 1%','Beverages',110,1.29),(29000,'Blue Ribbon Brownie Bite','Desserts',380,2.29),(29001,'Brew Pub Pretzels & Beer Cheese Dip','Appetizers & Sides',1050,7.29),(29026,'Butter Pecan Blondie','Desserts',1180,5.49),(29030,'Clubhouse Grille, Lunch','Sandwiches',550,10.49),(60000,'Vanilla Yogurt w/ Strawberries','Appetizers & Sides',100,3.29),(60001,'Apple Dippers w/ Yogurt','Appetizers & Sides',90,2.45),(60003,'Garlic Mashed Potatoes','Appetizers & Sides',130,1.59),(60005,'Mozzarella Sticks, Kids','Appetizers & Sides',350,1.59),(60008,'Chocolate Shake, Kids','Beverages',800,1.59),(60009,'Vanilla Shake, Kids','Beverages',670,3.59),(60012,'Apple Chimi Cheesecake','Desserts',950,5.45),(60017,'4 Cheese Mac & Cheese w/ Honey Pepper Chicken Tenders, Lunch','Entrees',640,10.45),(60018,'4 Cheese Mac & Cheese w/ Honey Pepper Chicken Tenders','Entrees',1580,10.45),(60022,'Honey Pepper Chicken Tenders, Lunch','Entrees',940,12.49),(60026,'Chicken Mac N Cheese','Entrees',620,10.49),(60031,'Chicken Grillers','Entrees',190,7.99),(60042,'Green Goddess Wedge Salad','Salads',550,5.49),(60044,'House Salad, Kids','Salads',190,3.69),(60045,'Grilled Chicken Caesar Salad, Lunch','Salads',320,9.99),(60049,'Grilled Cheese Sandwich','Sandwiches',640,7.45),(60058,'Honey Balsamic Dressing','Toppings & Ingredients',170,1.59),(60059,'Green Goddess Dressing','Toppings & Ingredients',190,1.59),(60063,'Oriental Dressing','Toppings & Ingredients',250,1.59),(90087,'Fruit Punch','Beverages',110,3.56),(90088,'Sobe Life Water, Yumberry Pomegranate','Beverages',100,3.21),(90090,'Hot Tea','Beverages',170,3.25),(90094,'Fireball Whiskey Lemonade','Beverages',150,7.75),(90097,'Strawberry Lime Margarita','Beverages',150,7.29),(90099,'Blue Agave Rita','Beverages',260,8.29),(90102,'The American Standard Burger','Burgers',1010,10.49),(90103,'Triple Bacon Burger','Burgers',1170,10.99),(90108,'Sundae w/ Chocolate Syrup','Desserts',430,4.56),(90137,'Pepper Crusted Sirloin & Whole Grains','Entrees',430,12.49),(90138,'Cedar Grilled Lemon Chicken','Entrees',580,10.59),(90142,'2 for $20','Entrees',1350,20),(90143,'Choose Any 2 Combo','Entrees',1500,20),(90144,'Sweet Potato Fries & Dips','Appetizers & Sides',1160,5.26),(90146,'Sweet Potato Fries','Appetizers & Sides',400,5),(90148,'Thai Shrimp Salad, Lunch','Salads',180,11.49),(90160,'Garlic Caesar Dressing','Toppings & Ingredients',210,2.25),(120272,'Boneless Wings','Appetizers & Sides',680,10),(120273,'Double Crunch Bone In Wings','Appetizers & Sides',650,10),(120275,'Chili Lime Vinaigrette','Toppings & Ingredients',120,1.2),(120276,'Honey French Dressing','Toppings & Ingredients',210,1.25),(120277,'Italian Dressing, Fat Free','Toppings & Ingredients',20,1.99),(120278,'Lemon Olive Oil Vinaigrette','Toppings & Ingredients',150,1.52),(120280,'Boneless Wings, Build Your Sampler','Appetizers & Sides',340,10.25),(120287,'Sriracha Shrimp','Entrees',690,8),(120297,'Double Glazed Baby Back Ribs, Full Rack','Entrees',940,17.99),(120301,'Double Glazed Baby Back Ribs, Half Rack','Entrees',470,12.99),(120319,'Crispy Brewhouse Chicken','Entrees',1080,11.49),(120321,'Baked Haddock','Entrees',1000,10.59),(120322,'Hand-Breaded Fish & Chips','Entrees',1570,10.25),(120324,'Shrimp Wonton Stir Fry','Entrees',580,11.49),(120326,'Triple Hog Dare Ya','Sandwiches',990,10.59),(120331,'Cheddar Cheese','Toppings & Ingredients',90,2.12),(120332,'Swiss Cheese','Toppings & Ingredients',160,2.25),(120333,'Monterey Jack Cheese','Toppings & Ingredients',80,2.56),(120355,'Blackberry Quencher Lemonade','Beverages',160,3.25),(120356,'Strawberry Quencher Lemonade','Beverages',170,3.25),(120357,'Blackberry Honey Quencher Lemonade','Beverages',100,3.25),(120358,'Kiwi Iced Tea','Beverages',40,2.79),(120359,'Mango Iced Tea','Beverages',35,2.79),(120360,'Pomegranate Iced Tea','Beverages',35,2.79),(120361,'Raspberry Iced Tea','Beverages',35,2.79),(120362,'Kiwi Lemonade','Beverages',170,2.79),(120363,'Mango Lemonade','Beverages',170,2.79),(120364,'Pomegranate Lemonade','Beverages',170,2.79),(120365,'Raspberry Lemonade','Beverages',170,2.79),(120366,'Mango Frozen Lemonade','Beverages',250,3.25),(120367,'Frozen Strawberry Lemonade','Beverages',240,3.25),(120368,'Wildberry Frozen Lemonade','Beverages',250,3.25),(120370,'Cherry Limeade','Beverages',200,3.25),(120371,'Strawberry Limeade','Beverages',160,3.25),(120372,'Brisk Raspberry Iced Tea','Beverages',80,2.79),(120373,'Diet Sierra Mist','Beverages',0,2.25),(120374,'Ginger Ale','Beverages',90,3.25),(120375,'Lipton Green Tea w/ Citrus','Beverages',70,3.25),(120376,'Lipton Peach Iced Tea','Beverages',80,3.25),(120377,'Lipton Unsweetened Iced Tea','Beverages',0,3.25),(120379,'Orange Twister','Beverages',110,3.25),(120381,'IBC Diet Root Beer','Beverages',0,3.39),(120382,'IBC Root Beer','Beverages',110,3.29),(120386,'Sun Orchard Lemonade','Beverages',140,3.25),(120387,'Half & Half Iced Tea & Lemonade','Beverages',40,3),(120388,'Sugar Free Lemonade','Beverages',5,3.22),(120389,'Tropicana Lemonade','Beverages',100,3.22),(120390,'Tropicana Pink Lemonade','Beverages',100,3),(120391,'Bottled Water','Beverages',0,3.2),(120392,'Perrier Sparkling Water','Beverages',0,5.45),(120404,'Mango Jalapeno Rita','Beverages',250,3.45),(120409,'The Blazin Texan Burger','Burgers',1040,11.29),(120410,'All Day Brunch Burger','Burgers',1170,10.99),(120416,'Bourbon & Berries','Beverages',350,5.6),(120464,'Neighborhood Favorites','Beverages',250,4.25),(120468,'Blackberry Sangria','Beverages',250,8.25),(130838,'Honey BBQ Sauce, for Double Glazed Baby Back Ribs, Full Rack','Toppings & Ingredients',150,2.15),(130839,'Smoky Chipotle Sauce, for Double Glazed Baby Back Ribs, Full Rack','Toppings & Ingredients',130,2.15),(130840,'Sweet Asian Chile Sauce, for Double Glazed Baby Back Ribs, Full Rack','Toppings & Ingredients',170,2.15),(130841,'Honey BBQ Sauce, for Double Glazed Baby Back Ribs, Half Rack','Toppings & Ingredients',80,2.15),(130842,'Smoky Chipotle Sauce, for Double Glazed Baby Back Ribs, Half Rack','Toppings & Ingredients',60,2.15),(130843,'Sweet Asian Chile Sauce, for Double Glazed Baby Back Ribs, Half Rack','Toppings & Ingredients',80,2.15),(130844,'Honey BBQ Sauce, for Classic Combo & Build Your Own Boneless Wings','Toppings & Ingredients',110,2.15),(130845,'Sweet Asian Chile Sauce, for Classic Combo & Build Your Own Boneless Wings','Toppings & Ingredients',120,2.15),(130846,'Classic Buffalo Sauce, for Classic Combo & Build Your Own Boneless Wings','Toppings & Ingredients',100,2.15),(130847,'Hot Buffalo Sauce, for Classic Combo & Build Your Own Boneless Wings','Toppings & Ingredients',110,2.15),(130848,'Classic Buffalo Sauce, for Boneless Wings, Double Crunch Bone In Wings & Classic Combos','Toppings & Ingredients',200,2.15),(130849,'Hot Buffalo Sauce, for Double Crunch Bone In Wings & Boneless Wings','Toppings & Ingredients',210,2.15),(130850,'Honey BBQ Sauce, for Double Crunch Bone In Wings & Boneless Wings','Toppings & Ingredients',230,2.15),(150061,'Top Shelf LIT','Beverages',150,8.25),(130851,'Sweet Asian Chile Sauce, for Double Crunch Bone In Wings & Boneless Wings','Toppings & Ingredients',250,2.15),(130853,'Ranch Dressing','Toppings & Ingredients',210,2.15),(130854,'Fresh Brewed Coffee','Beverages',0,2.79),(140005,'Chips & Salsa','Appetizers & Sides',500,2.99),(140007,'Double Crunch Bone In Wings, Thai','Appetizers & Sides',1050,10.59),(140011,'Sriracha Shrimp, for Build Your Sampler','Appetizers & Sides',430,8.29),(140016,'Chocolate Shake','Beverages',1000,4.25),(140024,'Oreo Cookie Shake','Beverages',1080,4.25),(140028,'Strawberry Shake','Beverages',930,4.25),(140029,'Sundae w/ Strawberry Sauce','Desserts',360,5.59),(140031,'American Cheese','Toppings & Ingredients',150,2.25),(140032,'Chili & Cheese','Toppings & Ingredients',630,2.25),(150047,'Cheeseburger Egg Rolls','Appetizers & Sides',990,9.29),(150048,'Salsa Verde Beef Nachos','Appetizers & Sides',1810,9.99),(150049,'The Classic Combo','Appetizers & Sides',2350,14.49),(150050,'Garlicky Green Beans','Appetizers & Sides',180,1.99),(150051,'Maple Pecan Mashed Sweet Potatoes','Appetizers & Sides',400,1.99),(150052,'Wood Fired Grilled Veggies','Appetizers & Sides',160,3.99),(150053,'Applesauce','Appetizers & Sides',40,3.25),(150054,'Brew Pub Pretzels & Beer Cheese Dip, for Build Your Sampler','Appetizers & Sides',510,7.29),(150055,'Cheeseburger Egg Rolls, for Build Your Sampler','Appetizers & Sides',610,12.99),(150056,'Steamed Broccoli','Appetizers & Sides',90,2.25),(150057,'Irish Peach Sour','Beverages',170,4.25),(150058,'Raspberry Cosmo','Beverages',180,4.25),(150059,'Citrus Summer Squeeze','Beverages',190,5.25),(150060,'Ruby Red LIT','Beverages',200,5.25),(150062,'Peach Mint Sangria','Beverages',170,5.28),(150063,'Perfect Pomegranate Margarita','Beverages',180,7.25),(150064,'Blue Agave Rita Mucho','Beverages',190,7.25),(150065,'Salted Caramel Shorty Shake','Beverages',530,4.25),(150088,'Baked Cod','Entrees',970,4.25),(150066,'Chocolate Nut Brownie Shorty Shake','Beverages',690,2.29),(150067,'Dew Berry Burst','Beverages',170,3.25),(150068,'Strawberry Sparkler','Beverages',160,3.25),(150069,'Wine','Beverages',120,6.25),(150070,'Blackberry Honey Quencher Iced Tea','Beverages',90,3.25),(150071,'Peach Quencher Iced Tea','Beverages',160,3.25),(150072,'Three Cheese Chicken Cavatappi','Entrees',1170,11.99),(150073,'Sirloin Stir Fry','Entrees',750,12.99),(150074,'Butcher\'s Meat & Potatoes','Entrees',720,13.99),(150075,'Steak Quesadilla','Entrees',1000,8.99),(150076,'Butcher\'s Reserve 12 oz Top Sirloin','Entrees',380,15.88),(150077,'8 oz USDA Choice Top Sirloin','Entrees',280,14.99),(150078,'6 oz USDA Choice Top Sirloin','Entrees',230,12.99),(150079,'Hand Cut Bone In Pork Chop','Entrees',370,13.99),(150080,'Grilled Chicken Breast','Entrees',190,9.99),(150081,'Cedar Grilled Salmon','Entrees',340,13.59),(150083,'Bone In Pork Chop w/ Honey Apple Chutney','Entrees',560,14.99),(150084,'Cedar Salmon w/ Maple Mustard Glaze','Entrees',540,14.59),(150085,'Smokin Double Steak & Egg','Entrees',470,16.99),(150086,'Bourbon Street Steak','Entrees',700,15.29),(150087,'4 Cheese Mac & Cheese','Entrees',460,11.28),(150089,'Loaded Beef Enchiladas','Entrees',1010,11.49),(150090,'Three Cheese Chicken Cavatappi, Lunch','Entrees',550,11.99),(150091,'Steak Quesadilla, for Build Your Sampler','Entrees',630,15.99),(150092,'Chicken Quesadilla, for Build Your Sampler','Entrees',610,14.99),(150093,'Crispy Cheddar Bacon Potatoes','Appetizers & Sides',380,1.99),(150094,'Fries','Appetizers & Sides',430,1.99),(150095,'Crispy Chicken & Cornbread Salad','Salads',1440,10.99),(150096,'Southwest Chicken Salad','Salads',1070,9.99),(150097,'Grilled Chicken & Cornbread Salad','Salads',1130,9.99),(150098,'Southwest Steak Salad','Salads',1020,10.99),(150099,'Southwest Chicken Salad, Lunch','Salads',530,9.99),(150100,'Thai Shrimp Salad','Salads',370,10.69),(150101,'Grilled Chicken Bacon Wrap','Sandwiches',1010,15.99),(150102,'Southwest Steak & Black Bean Soup','Soup',180,3.99),(150103,'New England Clam Chowder','Soup',270,4.39),(150104,'Portsmouth Clam Chowder','Soup',230,4.39),(150105,'Bacon','Toppings & Ingredients',100,2.25);
/*!40000 ALTER TABLE `menu_ods` ENABLE KEYS */;
UNLOCK TABLES;

--
-- Table structure for table `order_ods`
--

DROP TABLE IF EXISTS `order_ods`;
/*!40101 SET @saved_cs_client     = @@character_set_client */;
 SET character_set_client = utf8mb4 ;
CREATE TABLE `order_ods` (
  `Order_id` int(11) DEFAULT NULL,
  `Customer_id` varchar(45) DEFAULT NULL,
  `Food_item_code` int(11) DEFAULT NULL,
  `Quantity_ordered` int(11) DEFAULT NULL,
  `Order_type` text,
  `Price` double DEFAULT NULL,
  `orderLineNumber` int(11) DEFAULT NULL,
  `last_wh_update` datetime DEFAULT NULL
) ENGINE=InnoDB DEFAULT CHARSET=utf8mb4 COLLATE=utf8mb4_0900_ai_ci;
/*!40101 SET character_set_client = @saved_cs_client */;

--
-- Dumping data for table `order_ods`
--

LOCK TABLES `order_ods` WRITE;
/*!40000 ALTER TABLE `order_ods` DISABLE KEYS */;
INSERT INTO `order_ods` VALUES (10100,'U1001',10012,2,'To-Go',3.69,3,'2019-11-08 00:00:00'),(10100,'U1001',10013,3,'Dine_in',3.69,2,'2019-11-08 00:00:00'),(10100,'U1001',10014,3,'To-Go',3.69,4,'2019-11-08 00:00:00'),(10100,'U1001',10018,3,'To-Go',3.69,1,'2019-11-08 00:00:00'),(10101,'U1002',60007,3,'To-Go',6,4,'2019-11-08 00:00:00'),(10101,'U1002',10020,2,'Dine_in',3.69,1,'2019-11-08 00:00:00'),(10101,'U1002',10023,4,'Dine_in',5,3,'2019-11-08 00:00:00'),(10101,'U1002',10025,2,'To-Go',4.69,2,'2019-11-08 00:00:00'),(10102,'U1003',10040,2,'To-Go',6.26,2,'2019-11-08 00:00:00'),(10102,'U1003',10056,4,'To-Go',5.29,1,'2019-11-08 00:00:00'),(10103,'U1004',10068,4,'To-Go',6.29,11,'2019-11-08 00:00:00'),(10103,'U1004',10078,2,'To-Go',12.99,4,'2019-11-08 00:00:00'),(10103,'U1004',10082,2,'Dine_in',9.99,8,'2019-11-08 00:00:00'),(10103,'U1004',10087,3,'To-Go',9.99,10,'2019-11-08 00:00:00'),(10103,'U1004',10090,2,'To-Go',4.99,2,'2019-11-08 00:00:00'),(10103,'U1004',10091,4,'Dine_in',5.99,12,'2019-11-08 00:00:00'),(10103,'U1004',10092,1,'Dine_in',4.99,14,'2019-11-08 00:00:00'),(10103,'U1004',10093,4,'Dine_in',5.99,13,'2019-11-08 00:00:00'),(10103,'U1004',10094,3,'Dine_in',4.99,16,'2019-11-08 00:00:00'),(10103,'U1004',10106,1,'Dine_in',10.49,5,'2019-11-08 00:00:00'),(10103,'U1004',10108,2,'To-Go',8.99,9,'2019-11-08 00:00:00'),(10103,'U1004',10113,2,'To-Go',9.29,1,'2019-11-08 00:00:00'),(10103,'U1004',10117,2,'Dine_in',10.79,15,'2019-11-08 00:00:00'),(10103,'U1004',10118,2,'Dine_in',4.99,3,'2019-11-08 00:00:00'),(10103,'U1004',10119,2,'Dine_in',5.99,7,'2019-11-08 00:00:00'),(10103,'U1004',10121,4,'To-Go',9.99,6,'2019-11-08 00:00:00'),(10104,'U1005',10122,3,'To-Go',7.99,1,'2019-11-08 00:00:00'),(10104,'U1005',10125,1,'Dine_in',6.99,9,'2019-11-08 00:00:00'),(10104,'U1005',150994,2,'Dine_in',0.99,8,'2019-11-08 00:00:00'),(10104,'U1005',10126,4,'To-Go',8.29,12,'2019-11-08 00:00:00'),(10104,'U1005',10128,1,'To-Go',7.99,13,'2019-11-08 00:00:00'),(10104,'U1005',10175,1,'Dine_in',17.99,3,'2019-11-08 00:00:00'),(10104,'U1005',10184,1,'To-Go',12.99,6,'2019-11-08 00:00:00'),(10104,'U1005',10195,3,'To-Go',11.99,10,'2019-11-08 00:00:00'),(10104,'U1005',10272,3,'To-Go',1.99,5,'2019-11-08 00:00:00'),(10104,'U1005',10196,1,'Dine_in',10.79,11,'2019-11-08 00:00:00'),(10104,'U1005',10197,1,'Dine_in',9.29,4,'2019-11-08 00:00:00'),(10104,'U1005',10212,2,'Dine_in',12.89,7,'2019-11-08 00:00:00'),(10104,'U1005',10215,2,'Dine_in',12.29,2,'2019-11-08 00:00:00'),(10105,'U1006',10216,1,'Dine_in',13.29,2,'2019-11-08 00:00:00'),(10105,'U1006',10222,2,'To-Go',10.99,15,'2019-11-08 00:00:00'),(10105,'U1006',10223,4,'To-Go',14.99,14,'2019-11-08 00:00:00'),(10105,'U1006',10228,2,'To-Go',3.99,11,'2019-11-08 00:00:00'),(10105,'U1006',10231,2,'To-Go',1.49,13,'2019-11-08 00:00:00'),(10105,'U1006',10234,3,'To-Go',1.99,10,'2019-11-08 00:00:00'),(10105,'U1006',10235,3,'To-Go',1.99,9,'2019-11-08 00:00:00'),(10105,'U1006',10236,4,'Dine_in',1.49,4,'2019-11-08 00:00:00'),(10105,'U1006',10243,3,'Dine_in',1.29,1,'2019-11-08 00:00:00'),(10105,'U1006',10252,3,'To-Go',1.29,5,'2019-11-08 00:00:00'),(10105,'U1006',10253,3,'To-Go',1.29,12,'2019-11-08 00:00:00'),(10105,'U1006',10254,4,'Dine_in',1.29,3,'2019-11-08 00:00:00'),(10105,'U1006',10256,3,'Dine_in',7.49,6,'2019-11-08 00:00:00'),(10105,'U1006',10258,1,'Dine_in',6.49,7,'2019-11-08 00:00:00'),(10105,'U1006',10260,3,'Dine_in',2.49,8,'2019-11-08 00:00:00'),(10106,'U1007',10262,2,'To-Go',5.49,12,'2019-11-08 00:00:00'),(10106,'U1007',10265,3,'To-Go',4.49,2,'2019-11-08 00:00:00'),(10106,'U1007',10270,1,'Dine_in',5.49,18,'2019-11-08 00:00:00'),(10106,'U1007',10273,1,'To-Go',1.42,17,'2019-11-08 00:00:00'),(10106,'U1007',10274,4,'To-Go',1.42,4,'2019-11-08 00:00:00'),(10106,'U1007',10275,3,'To-Go',1.42,13,'2019-11-08 00:00:00'),(10106,'U1007',10276,2,'Dine_in',1.59,14,'2019-11-08 00:00:00'),(10106,'U1007',10277,4,'Dine_in',2.29,11,'2019-11-08 00:00:00'),(10106,'U1007',10278,4,'To-Go',1.29,3,'2019-11-08 00:00:00'),(10106,'U1007',10280,4,'To-Go',1.29,5,'2019-11-08 00:00:00'),(10106,'U1007',10282,3,'Dine_in',1.49,6,'2019-11-08 00:00:00'),(10106,'U1007',10283,1,'To-Go',1.79,7,'2019-11-08 00:00:00'),(10106,'U1007',10284,4,'Dine_in',2.29,16,'2019-11-08 00:00:00'),(10106,'U1007',10289,3,'Dine_in',2.29,9,'2019-11-08 00:00:00'),(10106,'U1007',10290,2,'To-Go',3.29,1,'2019-11-08 00:00:00'),(10106,'U1007',10292,4,'To-Go',2.29,8,'2019-11-08 00:00:00'),(10106,'U1007',10293,3,'To-Go',2.29,10,'2019-11-08 00:00:00'),(10106,'U1007',10294,1,'To-Go',1.29,15,'2019-11-08 00:00:00'),(10107,'U1008',29000,2,'Dine_in',2.29,2,'2019-11-08 00:00:00'),(10107,'U1008',29001,4,'Dine_in',7.29,5,'2019-11-08 00:00:00'),(10107,'U1008',29026,1,'To-Go',5.49,4,'2019-11-08 00:00:00'),(10107,'U1008',29030,1,'Dine_in',10.49,1,'2019-11-08 00:00:00'),(10107,'U1008',29056,4,'To-Go',2.29,6,'2019-11-08 00:00:00'),(10107,'U1008',29059,4,'To-Go',5.29,3,'2019-11-08 00:00:00'),(10107,'U1008',60000,3,'Dine_in',3.29,7,'2019-11-08 00:00:00'),(10107,'U1008',60001,2,'To-Go',2.45,8,'2019-11-08 00:00:00'),(10108,'U1009',60003,4,'Dine_in',1.59,6,'2019-11-08 00:00:00'),(10108,'U1009',60005,2,'To-Go',1.59,4,'2019-11-08 00:00:00'),(10108,'U1009',60008,4,'Dine_in',1.59,7,'2019-11-08 00:00:00'),(10108,'U1009',60009,2,'To-Go',3.59,3,'2019-11-08 00:00:00'),(10108,'U1009',60012,2,'Dine_in',5.45,2,'2019-11-08 00:00:00'),(10108,'U1009',60017,1,'To-Go',10.45,9,'2019-11-08 00:00:00'),(10108,'U1009',60018,3,'Dine_in',10.45,8,'2019-11-08 00:00:00'),(10108,'U1009',60022,2,'To-Go',12.49,12,'2019-11-08 00:00:00'),(10108,'U1009',60024,1,'Dine_in',10.49,11,'2019-11-08 00:00:00'),(10108,'U1009',60026,2,'To-Go',10.49,15,'2019-11-08 00:00:00'),(10108,'U1009',60028,2,'Dine_in',7.99,5,'2019-11-08 00:00:00'),(10108,'U1009',60031,3,'Dine_in',7.99,1,'2019-11-08 00:00:00'),(10108,'U1009',60038,2,'Dine_in',11.59,10,'2019-11-08 00:00:00'),(10108,'U1009',60039,3,'Dine_in',10.59,13,'2019-11-08 00:00:00'),(10108,'U1009',60042,1,'Dine_in',5.49,16,'2019-11-08 00:00:00'),(10108,'U1009',60044,4,'To-Go',3.69,14,'2019-11-08 00:00:00'),(10109,'U1010',60045,2,'To-Go',9.99,4,'2019-11-08 00:00:00'),(10109,'U1010',60049,3,'To-Go',7.45,3,'2019-11-08 00:00:00'),(10109,'U1010',60058,2,'Dine_in',1.59,1,'2019-11-08 00:00:00'),(10109,'U1010',60059,4,'Dine_in',1.59,5,'2019-11-08 00:00:00'),(10109,'U1010',60063,2,'To-Go',1.59,2,'2019-11-08 00:00:00'),(10109,'U1010',90087,3,'Dine_in',3.56,6,'2019-11-08 00:00:00'),(10110,'U1011',90088,3,'To-Go',3.21,16,'2019-11-08 00:00:00'),(10110,'U1011',90090,3,'To-Go',3.25,7,'2019-11-08 00:00:00'),(10110,'U1011',90094,3,'To-Go',7.75,6,'2019-11-08 00:00:00'),(10110,'U1011',90097,2,'Dine_in',7.29,4,'2019-11-08 00:00:00'),(10110,'U1011',90099,4,'Dine_in',8.29,1,'2019-11-08 00:00:00'),(10110,'U1011',90102,2,'To-Go',10.49,8,'2019-11-08 00:00:00'),(10110,'U1011',90103,2,'To-Go',10.99,9,'2019-11-08 00:00:00'),(10110,'U1011',90108,4,'To-Go',4.56,13,'2019-11-08 00:00:00'),(10110,'U1011',90137,4,'To-Go',12.49,15,'2019-11-08 00:00:00'),(10110,'U1011',90138,2,'To-Go',10.59,3,'2019-11-08 00:00:00'),(10110,'U1011',90142,2,'Dine_in',20,2,'2019-11-08 00:00:00'),(10110,'U1011',90143,3,'To-Go',20,11,'2019-11-08 00:00:00'),(10110,'U1011',90144,2,'To-Go',5.26,10,'2019-11-08 00:00:00'),(10110,'U1011',90146,4,'Dine_in',5,12,'2019-11-08 00:00:00'),(10110,'U1011',90148,1,'Dine_in',11.49,14,'2019-11-08 00:00:00'),(10110,'U1011',90160,4,'Dine_in',2.25,5,'2019-11-08 00:00:00'),(10111,'U1012',120272,3,'Dine_in',10,6,'2019-11-08 00:00:00'),(10111,'U1012',120273,1,'Dine_in',10,5,'2019-11-08 00:00:00'),(10111,'U1012',120275,2,'To-Go',1.2,2,'2019-11-08 00:00:00'),(10111,'U1012',120276,2,'To-Go',1.25,1,'2019-11-08 00:00:00'),(10111,'U1012',120277,2,'Dine_in',1.99,4,'2019-11-08 00:00:00'),(10111,'U1012',120278,2,'Dine_in',1.52,3,'2019-11-08 00:00:00'),(10112,'U1013',120280,2,'Dine_in',10.25,1,'2019-11-08 00:00:00'),(10112,'U1013',120287,4,'To-Go',8,2,'2019-11-08 00:00:00'),(10113,'U1014',120297,3,'To-Go',17.99,2,'2019-11-08 00:00:00'),(10113,'U1014',120301,1,'Dine_in',12.99,4,'2019-11-08 00:00:00'),(10113,'U1014',120319,2,'Dine_in',11.49,3,'2019-11-08 00:00:00'),(10113,'U1014',120321,4,'To-Go',10.59,1,'2019-11-08 00:00:00'),(10114,'U1015',120322,1,'To-Go',10.25,8,'2019-11-08 00:00:00'),(10114,'U1015',120324,1,'Dine_in',11.49,3,'2019-11-08 00:00:00'),(10114,'U1015',120326,1,'To-Go',10.59,6,'2019-11-08 00:00:00'),(10114,'U1015',120331,3,'To-Go',2.12,4,'2019-11-08 00:00:00'),(10114,'U1015',120332,3,'To-Go',2.25,9,'2019-11-08 00:00:00'),(10114,'U1015',120333,1,'Dine_in',2.56,5,'2019-11-08 00:00:00'),(10114,'U1015',120355,1,'Dine_in',3.25,1,'2019-11-08 00:00:00'),(10114,'U1015',120356,2,'Dine_in',3.25,7,'2019-11-08 00:00:00'),(10114,'U1015',120357,2,'Dine_in',3.25,2,'2019-11-08 00:00:00'),(10114,'U1015',120358,1,'Dine_in',2.79,10,'2019-11-08 00:00:00'),(10115,'U1016',120359,2,'To-Go',2.79,5,'2019-11-08 00:00:00'),(10115,'U1016',120360,4,'To-Go',2.79,4,'2019-11-08 00:00:00'),(10115,'U1016',120361,2,'To-Go',2.79,2,'2019-11-08 00:00:00'),(10115,'U1016',120362,2,'To-Go',2.79,1,'2019-11-08 00:00:00'),(10115,'U1016',120363,3,'To-Go',2.79,3,'2019-11-08 00:00:00'),(10116,'U1017',120364,3,'To-Go',2.79,1,'2019-11-08 00:00:00'),(10117,'U1018',120365,4,'Dine_in',2.79,9,'2019-11-08 00:00:00'),(10117,'U1018',120366,3,'Dine_in',3.25,10,'2019-11-08 00:00:00'),(10117,'U1018',120367,3,'To-Go',3.25,8,'2019-11-08 00:00:00'),(10117,'U1018',120368,3,'To-Go',3.25,5,'2019-11-08 00:00:00'),(10117,'U1018',120370,4,'Dine_in',3.25,7,'2019-11-08 00:00:00'),(10117,'U1018',120371,3,'Dine_in',3.25,12,'2019-11-08 00:00:00'),(10117,'U1018',120372,1,'Dine_in',2.79,4,'2019-11-08 00:00:00'),(10117,'U1018',120373,3,'Dine_in',2.25,3,'2019-11-08 00:00:00'),(10117,'U1018',120374,2,'To-Go',3.25,11,'2019-11-08 00:00:00'),(10117,'U1018',120375,3,'To-Go',3.25,6,'2019-11-08 00:00:00'),(10117,'U1018',120376,1,'Dine_in',3.25,1,'2019-11-08 00:00:00'),(10117,'U1018',120377,1,'To-Go',3.25,2,'2019-11-08 00:00:00'),(10118,'U1019',120379,4,'To-Go',3.25,1,'2019-11-08 00:00:00'),(10119,'U1020',120381,3,'To-Go',3.39,11,'2019-11-08 00:00:00'),(10119,'U1020',120382,2,'Dine_in',3.29,3,'2019-11-08 00:00:00'),(10119,'U1020',120386,4,'Dine_in',3.25,9,'2019-11-08 00:00:00'),(10119,'U1020',120387,4,'To-Go',3,8,'2019-11-08 00:00:00'),(10119,'U1020',120388,4,'To-Go',3.22,4,'2019-11-08 00:00:00'),(10119,'U1020',120389,3,'Dine_in',3.22,13,'2019-11-08 00:00:00'),(10119,'U1020',120390,1,'To-Go',3,5,'2019-11-08 00:00:00'),(10119,'U1020',120391,4,'Dine_in',3.2,10,'2019-11-08 00:00:00'),(10119,'U1020',120392,3,'Dine_in',5.45,2,'2019-11-08 00:00:00'),(10119,'U1020',120404,2,'To-Go',3.45,14,'2019-11-08 00:00:00'),(10119,'U1020',120409,4,'To-Go',11.29,7,'2019-11-08 00:00:00'),(10119,'U1020',120410,3,'To-Go',10.99,12,'2019-11-08 00:00:00'),(10119,'U1020',120416,1,'To-Go',5.6,1,'2019-11-08 00:00:00'),(10119,'U1020',120464,2,'Dine_in',4.25,6,'2019-11-08 00:00:00'),(10120,'U1021',120468,4,'Dine_in',8.25,3,'2019-11-08 00:00:00'),(10120,'U1021',130838,1,'To-Go',2.15,2,'2019-11-08 00:00:00'),(10120,'U1021',130839,1,'Dine_in',2.15,8,'2019-11-08 00:00:00'),(10120,'U1021',130840,4,'To-Go',2.15,4,'2019-11-08 00:00:00'),(10120,'U1021',130841,4,'To-Go',2.15,1,'2019-11-08 00:00:00'),(10120,'U1021',130842,3,'Dine_in',2.15,10,'2019-11-08 00:00:00'),(10120,'U1021',130843,2,'To-Go',2.15,5,'2019-11-08 00:00:00'),(10120,'U1021',130844,4,'Dine_in',2.15,9,'2019-11-08 00:00:00'),(10120,'U1021',130845,2,'To-Go',2.15,6,'2019-11-08 00:00:00'),(10120,'U1021',130846,4,'Dine_in',2.15,11,'2019-11-08 00:00:00'),(10120,'U1021',130847,2,'To-Go',2.15,12,'2019-11-08 00:00:00'),(10120,'U1021',130848,2,'Dine_in',2.15,13,'2019-11-08 00:00:00'),(10120,'U1021',130849,1,'To-Go',2.15,15,'2019-11-08 00:00:00'),(10120,'U1021',130850,3,'Dine_in',2.15,7,'2019-11-08 00:00:00'),(10120,'U1021',150061,2,'To-Go',8.25,14,'2019-11-08 00:00:00'),(10121,'U1022',130851,1,'Dine_in',2.15,5,'2019-11-08 00:00:00'),(10121,'U1022',130853,2,'To-Go',2.15,4,'2019-11-08 00:00:00'),(10121,'U1022',130854,2,'Dine_in',2.79,2,'2019-11-08 00:00:00'),(10121,'U1022',140005,3,'Dine_in',2.99,3,'2019-11-08 00:00:00'),(10121,'U1022',140006,2,'Dine_in',8.99,1,'2019-11-08 00:00:00'),(10122,'U1023',140007,3,'Dine_in',10.59,10,'2019-11-08 00:00:00'),(10122,'U1023',140011,1,'Dine_in',8.29,8,'2019-11-08 00:00:00'),(10122,'U1023',140016,4,'To-Go',4.25,11,'2019-11-08 00:00:00'),(10122,'U1023',140024,2,'To-Go',4.25,7,'2019-11-08 00:00:00'),(10122,'U1023',140028,3,'To-Go',4.25,2,'2019-11-08 00:00:00'),(10122,'U1023',140029,2,'Dine_in',5.59,6,'2019-11-08 00:00:00'),(10122,'U1023',140031,4,'Dine_in',2.25,1,'2019-11-08 00:00:00'),(10122,'U1023',140032,2,'To-Go',2.25,3,'2019-11-08 00:00:00'),(10122,'U1023',150047,3,'Dine_in',9.29,13,'2019-11-08 00:00:00'),(10122,'U1023',150048,3,'To-Go',9.99,12,'2019-11-08 00:00:00'),(10122,'U1023',150049,3,'To-Go',14.49,16,'2019-11-08 00:00:00'),(10122,'U1023',150050,3,'To-Go',1.99,15,'2019-11-08 00:00:00'),(10122,'U1023',150051,2,'Dine_in',1.99,4,'2019-11-08 00:00:00'),(10122,'U1023',150052,4,'Dine_in',3.99,9,'2019-11-08 00:00:00'),(10122,'U1023',150053,2,'To-Go',3.25,5,'2019-11-08 00:00:00'),(10122,'U1023',150054,2,'To-Go',7.29,14,'2019-11-08 00:00:00'),(10122,'U1023',150055,4,'To-Go',12.99,17,'2019-11-08 00:00:00'),(10123,'U1024',150056,4,'To-Go',2.25,2,'2019-11-08 00:00:00'),(10123,'U1024',150057,2,'To-Go',4.25,3,'2019-11-08 00:00:00'),(10123,'U1024',150058,2,'Dine_in',4.25,4,'2019-11-08 00:00:00'),(10123,'U1024',150059,3,'To-Go',5.25,1,'2019-11-08 00:00:00'),(10124,'U1025',150060,2,'To-Go',5.25,6,'2019-11-08 00:00:00'),(10124,'U1025',150062,4,'Dine_in',5.28,5,'2019-11-08 00:00:00'),(10124,'U1025',150063,1,'Dine_in',7.25,3,'2019-11-08 00:00:00'),(10124,'U1025',150064,4,'Dine_in',7.25,7,'2019-11-08 00:00:00'),(10124,'U1025',150065,3,'Dine_in',4.25,8,'2019-11-08 00:00:00'),(10124,'U1025',150088,1,'Dine_in',4.25,12,'2019-11-08 00:00:00'),(10124,'U1025',150066,2,'To-Go',2.29,2,'2019-11-08 00:00:00'),(10124,'U1025',150067,2,'To-Go',3.25,1,'2019-11-08 00:00:00'),(10124,'U1025',150068,2,'Dine_in',3.25,10,'2019-11-08 00:00:00'),(10124,'U1025',150069,2,'Dine_in',6.25,9,'2019-11-08 00:00:00'),(10124,'U1025',150070,2,'Dine_in',3.25,11,'2019-11-08 00:00:00'),(10124,'U1025',150071,4,'To-Go',3.25,13,'2019-11-08 00:00:00'),(10124,'U1025',150072,3,'To-Go',11.99,4,'2019-11-08 00:00:00'),(10125,'U1026',150073,1,'Dine_in',12.99,1,'2019-11-08 00:00:00'),(10125,'U1026',150074,2,'Dine_in',13.99,2,'2019-11-08 00:00:00'),(10126,'U1027',150075,4,'To-Go',8.99,11,'2019-11-08 00:00:00'),(10126,'U1027',150076,1,'To-Go',15.88,4,'2019-11-08 00:00:00'),(10126,'U1027',150077,1,'Dine_in',14.99,8,'2019-11-08 00:00:00'),(10126,'U1027',150078,1,'To-Go',12.99,10,'2019-11-08 00:00:00'),(10126,'U1027',150079,3,'To-Go',13.99,17,'2019-11-08 00:00:00'),(10126,'U1027',150080,3,'To-Go',9.99,2,'2019-11-08 00:00:00'),(10126,'U1027',150081,1,'Dine_in',13.59,12,'2019-11-08 00:00:00'),(10126,'U1027',150082,1,'Dine_in',17.99,14,'2019-11-08 00:00:00'),(10126,'U1027',150083,2,'Dine_in',14.99,13,'2019-11-08 00:00:00'),(10126,'U1027',150084,2,'Dine_in',14.59,16,'2019-11-08 00:00:00'),(10126,'U1027',150085,1,'Dine_in',16.99,5,'2019-11-08 00:00:00'),(10126,'U1027',150086,2,'To-Go',15.29,9,'2019-11-08 00:00:00'),(10126,'U1027',150087,4,'To-Go',11.28,1,'2019-11-08 00:00:00'),(10126,'U1027',150089,2,'To-Go',11.49,15,'2019-11-08 00:00:00'),(10126,'U1027',150090,2,'To-Go',11.99,3,'2019-11-08 00:00:00'),(10126,'U1027',150091,3,'To-Go',15.99,7,'2019-11-08 00:00:00'),(10126,'U1027',150092,3,'To-Go',14.99,6,'2019-11-08 00:00:00'),(10127,'U1028',150093,4,'Dine_in',1.99,2,'2019-11-08 00:00:00'),(10127,'U1028',150094,3,'Dine_in',1.99,3,'2019-11-08 00:00:00'),(10127,'U1028',150095,3,'Dine_in',10.99,1,'2019-11-08 00:00:00'),(10127,'U1028',150096,3,'To-Go',9.99,11,'2019-11-08 00:00:00'),(10127,'U1028',150097,4,'To-Go',9.99,10,'2019-11-08 00:00:00'),(10127,'U1028',150098,3,'Dine_in',10.99,14,'2019-11-08 00:00:00'),(10127,'U1028',150099,1,'To-Go',9.99,15,'2019-11-08 00:00:00'),(10127,'U1028',150100,3,'To-Go',10.69,5,'2019-11-08 00:00:00'),(10127,'U1028',150101,2,'To-Go',15.99,8,'2019-11-08 00:00:00'),(10127,'U1028',150102,3,'Dine_in',3.99,12,'2019-11-08 00:00:00'),(10127,'U1028',150103,1,'Dine_in',4.39,7,'2019-11-08 00:00:00'),(10127,'U1028',150104,1,'Dine_in',4.39,13,'2019-11-08 00:00:00'),(10127,'U1028',150105,4,'Dine_in',2.25,6,'2019-11-08 00:00:00'),(10128,'U1029',150081,2,'Dine_in',13.59,1,'2019-11-08 00:00:00'),(10128,'U1029',150082,2,'Dine_in',17.99,2,'2019-11-08 00:00:00'),(10128,'U1029',150083,1,'To-Go',14.99,3,'2019-11-08 00:00:00'),(10128,'U1029',150084,1,'Dine_in',14.59,4,'2019-11-08 00:00:00'),(10129,'U1030',10012,3,'Dine_in',3.69,1,'2019-11-08 00:00:00'),(10129,'U1030',10013,4,'To-Go',3.69,2,'2019-11-08 00:00:00'),(10129,'U1030',10014,3,'Dine_in',3.69,3,'2019-11-08 00:00:00'),(10129,'U1030',10018,1,'Dine_in',3.69,4,'2019-11-08 00:00:00'),(10129,'U1030',60007,4,'Dine_in',6,1,'2019-11-08 00:00:00'),(10130,'U1031',10020,5,'Dine_in',3.69,2,'2019-11-08 00:00:00'),(10130,'U1031',10023,1,'Dine_in',5,3,'2019-11-08 00:00:00'),(10130,'U1031',10025,4,'Dine_in',4.69,4,'2019-11-08 00:00:00'),(10130,'U1031',10040,4,'To-Go',6.26,1,'2019-11-08 00:00:00'),(10131,'U1032',10056,5,'Dine_in',5.29,2,'2019-11-08 00:00:00'),(10131,'U1032',10068,2,'To-Go',6.29,3,'2019-11-08 00:00:00'),(10132,'U1033',10078,1,'Dine_in',12.99,4,'2019-11-08 00:00:00'),(10132,'U1033',10082,4,'Dine_in',9.99,5,'2019-11-08 00:00:00'),(10132,'U1033',10087,1,'Dine_in',9.99,6,'2019-11-08 00:00:00'),(10132,'U1033',10090,1,'To-Go',4.99,7,'2019-11-08 00:00:00'),(10132,'U1033',10091,4,'Dine_in',5.99,8,'2019-11-08 00:00:00'),(10132,'U1033',10092,1,'Dine_in',4.99,9,'2019-11-08 00:00:00'),(10132,'U1033',10093,2,'To-Go',5.99,10,'2019-11-08 00:00:00'),(10132,'U1033',10094,3,'Dine_in',4.99,11,'2019-11-08 00:00:00'),(10132,'U1033',10106,2,'To-Go',10.49,12,'2019-11-08 00:00:00'),(10133,'U1034',10108,5,'Dine_in',8.99,1,'2019-11-08 00:00:00'),(10133,'U1034',10113,5,'To-Go',9.29,2,'2019-11-08 00:00:00'),(10133,'U1034',10117,2,'Dine_in',10.79,3,'2019-11-08 00:00:00'),(10133,'U1034',10118,2,'Dine_in',4.99,4,'2019-11-08 00:00:00'),(10133,'U1034',10119,1,'Dine_in',5.99,5,'2019-11-08 00:00:00'),(10133,'U1034',10121,3,'Dine_in',9.99,7,'2019-11-08 00:00:00'),(10133,'U1034',10122,2,'To-Go',7.99,6,'2019-11-08 00:00:00'),(10133,'U1034',10125,4,'Dine_in',6.99,9,'2019-11-08 00:00:00'),(10133,'U1034',150994,4,'To-Go',0.99,8,'2019-11-08 00:00:00'),(10134,'U1035',10126,4,'Dine_in',8.29,1,'2019-11-08 00:00:00'),(10135,'U1036',10128,2,'To-Go',7.99,1,'2019-11-08 00:00:00'),(10135,'U1036',10175,4,'To-Go',17.99,3,'2019-11-08 00:00:00'),(10135,'U1036',10184,2,'Dine_in',12.99,2,'2019-11-08 00:00:00'),(10136,'U1037',10195,4,'To-Go',11.99,1,'2019-11-08 00:00:00'),(10136,'U1037',10272,3,'Dine_in',1.99,2,'2019-11-08 00:00:00'),(10136,'U1037',10196,2,'To-Go',10.79,3,'2019-11-08 00:00:00'),(10136,'U1037',10197,3,'Dine_in',9.29,4,'2019-11-08 00:00:00'),(10136,'U1037',10212,2,'To-Go',12.89,5,'2019-11-08 00:00:00'),(10137,'U1038',10215,5,'To-Go',12.29,1,'2019-11-08 00:00:00'),(10137,'U1038',10216,5,'To-Go',13.29,2,'2019-11-08 00:00:00'),(10137,'U1038',10222,4,'Dine_in',10.99,3,'2019-11-08 00:00:00'),(10137,'U1038',10223,5,'To-Go',14.99,4,'2019-11-08 00:00:00'),(10137,'U1038',10228,5,'To-Go',3.99,5,'2019-11-08 00:00:00'),(10137,'U1038',10231,2,'To-Go',1.49,6,'2019-11-08 00:00:00'),(10137,'U1038',10234,3,'To-Go',1.99,7,'2019-11-08 00:00:00'),(10137,'U1038',10235,3,'Dine_in',1.99,8,'2019-11-08 00:00:00'),(10137,'U1038',10236,5,'Dine_in',1.49,9,'2019-11-08 00:00:00'),(10137,'U1038',10243,1,'To-Go',1.29,10,'2019-11-08 00:00:00'),(10137,'U1038',10252,1,'Dine_in',1.29,11,'2019-11-08 00:00:00'),(10137,'U1038',10253,5,'Dine_in',1.29,12,'2019-11-08 00:00:00'),(10138,'U1039',10254,1,'Dine_in',1.29,1,'2019-11-08 00:00:00'),(10138,'U1039',10256,4,'To-Go',7.49,2,'2019-11-08 00:00:00'),(10139,'U1040',10258,3,'To-Go',6.49,1,'2019-11-08 00:00:00'),(10139,'U1040',10260,3,'To-Go',2.49,2,'2019-11-08 00:00:00'),(10139,'U1040',10262,5,'To-Go',5.49,3,'2019-11-08 00:00:00'),(10139,'U1040',10265,2,'To-Go',4.49,4,'2019-11-08 00:00:00'),(10139,'U1040',10270,1,'To-Go',5.49,5,'2019-11-08 00:00:00'),(10139,'U1040',10273,1,'To-Go',1.42,6,'2019-11-08 00:00:00'),(10139,'U1040',10274,3,'To-Go',1.42,7,'2019-11-08 00:00:00'),(10139,'U1040',10275,2,'To-Go',1.42,8,'2019-11-08 00:00:00'),(10139,'U1040',10276,3,'Dine_in',1.59,9,'2019-11-08 00:00:00'),(10139,'U1040',10277,4,'Dine_in',2.29,10,'2019-11-08 00:00:00'),(10140,'U1041',10278,2,'Dine_in',1.29,1,'2019-11-08 00:00:00'),(10140,'U1041',10280,3,'To-Go',1.29,2,'2019-11-08 00:00:00'),(10141,'U1042',10282,1,'Dine_in',1.49,1,'2019-11-08 00:00:00'),(10141,'U1042',10283,5,'Dine_in',1.79,2,'2019-11-08 00:00:00'),(10141,'U1042',10284,4,'Dine_in',2.29,3,'2019-11-08 00:00:00'),(10141,'U1042',10289,5,'To-Go',2.29,4,'2019-11-08 00:00:00'),(10141,'U1042',10290,1,'To-Go',3.29,5,'2019-11-08 00:00:00'),(10141,'U1042',10292,5,'To-Go',2.29,6,'2019-11-08 00:00:00'),(10141,'U1042',10293,3,'Dine_in',2.29,7,'2019-11-08 00:00:00'),(10141,'U1042',10294,4,'To-Go',1.29,8,'2019-11-08 00:00:00'),(10141,'U1042',29000,4,'To-Go',2.29,9,'2019-11-08 00:00:00'),(10142,'U1043',29001,2,'To-Go',7.29,1,'2019-11-08 00:00:00'),(10142,'U1043',29026,3,'To-Go',5.49,2,'2019-11-08 00:00:00'),(10142,'U1043',29030,1,'Dine_in',10.49,3,'2019-11-08 00:00:00'),(10142,'U1043',29056,5,'To-Go',2.29,4,'2019-11-08 00:00:00'),(10143,'U1044',29059,4,'Dine_in',5.29,1,'2019-11-08 00:00:00'),(10143,'U1044',60000,3,'Dine_in',3.29,2,'2019-11-08 00:00:00'),(10143,'U1044',60001,5,'To-Go',2.45,3,'2019-11-08 00:00:00'),(10143,'U1044',60003,5,'To-Go',1.59,4,'2019-11-08 00:00:00'),(10143,'U1044',60005,4,'Dine_in',1.59,5,'2019-11-08 00:00:00'),(10143,'U1044',60008,2,'Dine_in',1.59,6,'2019-11-08 00:00:00'),(10143,'U1044',60009,2,'To-Go',3.59,7,'2019-11-08 00:00:00'),(10143,'U1044',60012,3,'To-Go',5.45,8,'2019-11-08 00:00:00'),(10143,'U1044',60017,3,'Dine_in',10.45,9,'2019-11-08 00:00:00'),(10144,'U1045',60018,1,'To-Go',10.45,1,'2019-11-08 00:00:00'),(10144,'U1045',60022,4,'Dine_in',12.49,2,'2019-11-08 00:00:00'),(10144,'U1045',60024,1,'To-Go',10.49,3,'2019-11-08 00:00:00'),(10144,'U1045',60026,1,'Dine_in',10.49,4,'2019-11-08 00:00:00'),(10144,'U1045',60028,4,'Dine_in',7.99,5,'2019-11-08 00:00:00'),(10144,'U1045',60031,4,'Dine_in',7.99,6,'2019-11-08 00:00:00'),(10144,'U1045',60038,4,'To-Go',11.59,7,'2019-11-08 00:00:00'),(10144,'U1045',60039,3,'To-Go',10.59,8,'2019-11-08 00:00:00'),(10144,'U1045',60042,5,'To-Go',5.49,9,'2019-11-08 00:00:00'),(10144,'U1045',60044,5,'To-Go',3.69,10,'2019-11-08 00:00:00'),(10145,'U1046',60045,3,'Dine_in',9.99,1,'2019-11-08 00:00:00'),(10145,'U1046',60049,5,'To-Go',7.45,2,'2019-11-08 00:00:00'),(10145,'U1046',60058,3,'Dine_in',1.59,3,'2019-11-08 00:00:00'),(10145,'U1046',60059,3,'Dine_in',1.59,4,'2019-11-08 00:00:00'),(10145,'U1046',60063,5,'Dine_in',1.59,5,'2019-11-08 00:00:00'),(10145,'U1046',90087,3,'Dine_in',3.56,6,'2019-11-08 00:00:00'),(10145,'U1046',90088,1,'To-Go',3.21,7,'2019-11-08 00:00:00'),(10145,'U1046',90090,4,'Dine_in',3.25,8,'2019-11-08 00:00:00'),(10145,'U1046',90094,3,'To-Go',7.75,9,'2019-11-08 00:00:00'),(10146,'U1047',90097,5,'To-Go',7.29,1,'2019-11-08 00:00:00'),(10146,'U1047',90099,4,'To-Go',8.29,2,'2019-11-08 00:00:00'),(10146,'U1047',90102,1,'To-Go',10.49,3,'2019-11-08 00:00:00'),(10146,'U1047',90103,2,'Dine_in',10.99,4,'2019-11-08 00:00:00'),(10146,'U1047',90108,1,'Dine_in',4.56,5,'2019-11-08 00:00:00'),(10146,'U1047',90137,4,'Dine_in',12.49,6,'2019-11-08 00:00:00'),(10146,'U1047',90138,4,'To-Go',10.59,7,'2019-11-08 00:00:00'),(10146,'U1047',90142,3,'Dine_in',20,8,'2019-11-08 00:00:00'),(10146,'U1047',90143,2,'Dine_in',20,9,'2019-11-08 00:00:00'),(10147,'U1048',90144,1,'Dine_in',5.26,1,'2019-11-08 00:00:00'),(10147,'U1048',90146,2,'Dine_in',5,2,'2019-11-08 00:00:00'),(10147,'U1048',90148,3,'To-Go',11.49,3,'2019-11-08 00:00:00'),(10147,'U1048',90160,1,'To-Go',2.25,4,'2019-11-08 00:00:00'),(10148,'U1049',120272,1,'To-Go',10,1,'2019-11-08 00:00:00'),(10149,'U1050',120273,3,'To-Go',10,1,'2019-11-08 00:00:00'),(10149,'U1050',120275,1,'To-Go',1.2,2,'2019-11-08 00:00:00'),(10149,'U1050',120276,3,'To-Go',1.25,3,'2019-11-08 00:00:00'),(10149,'U1050',120277,3,'To-Go',1.99,4,'2019-11-08 00:00:00'),(10149,'U1050',120278,1,'Dine_in',1.52,5,'2019-11-08 00:00:00'),(10150,'U1051',120280,3,'To-Go',10.25,1,'2019-11-08 00:00:00'),(10151,'U1052',10056,1,'Dine_in',5.29,1,'2019-11-08 00:00:00'),(10151,'U1052',10068,2,'To-Go',6.29,2,'2019-11-08 00:00:00'),(10151,'U1052',10078,1,'To-Go',12.99,3,'2019-11-08 00:00:00'),(10151,'U1052',10082,2,'To-Go',9.99,4,'2019-11-08 00:00:00'),(10152,'U1053',10222,1,'Dine_in',10.99,3,'2019-11-08 00:00:00'),(10152,'U1053',10223,1,'Dine_in',14.99,1,'2019-11-08 00:00:00'),(10152,'U1053',10228,1,'Dine_in',3.99,2,'2019-11-08 00:00:00'),(10152,'U1053',10231,1,'Dine_in',1.49,4,'2019-11-08 00:00:00'),(10153,'U1054',10256,2,'Dine_in',7.49,1,'2019-11-08 00:00:00'),(10153,'U1054',10258,2,'Dine_in',6.49,2,'2019-11-08 00:00:00'),(10154,'U1055',60042,1,'To-Go',5.49,2,'2019-11-08 00:00:00'),(10154,'U1055',90087,1,'To-Go',3.56,3,'2019-11-08 00:00:00'),(10154,'U1055',90142,1,'To-Go',20,1,'2019-11-08 00:00:00'),(10155,'U1056',120277,1,'Dine_in',1.99,1,'2019-11-08 00:00:00'),(10155,'U1056',120278,2,'Dine_in',1.52,2,'2019-11-08 00:00:00'),(10155,'U1056',120280,1,'Dine_in',10.25,3,'2019-11-08 00:00:00'),(10156,'U1057',120319,1,'Dine_in',11.49,1,'2019-11-08 00:00:00'),(10157,'U1058',120324,1,'To-Go',11.49,1,'2019-11-08 00:00:00'),(10157,'U1058',120326,1,'To-Go',10.59,2,'2019-11-08 00:00:00'),(10158,'U1059',120409,1,'Dine_in',11.29,1,'2019-11-08 00:00:00'),(10159,'U1060',150070,2,'Dine_in',3.25,3,'2019-11-08 00:00:00'),(10159,'U1060',150071,1,'Dine_in',3.25,2,'2019-11-08 00:00:00'),(10159,'U1060',150072,1,'Dine_in',11.99,1,'2019-11-08 00:00:00'),(10159,'U1060',150073,1,'Dine_in',12.99,4,'2019-11-08 00:00:00'),(10160,'U1061',150103,1,'To-Go',4.39,1,'2019-11-08 00:00:00'),(10160,'U1061',150104,1,'To-Go',4.39,2,'2019-11-08 00:00:00'),(10161,'U1062',10078,1,'Dine_in',12.99,1,'2019-11-08 00:00:00'),(10161,'U1062',10082,1,'Dine_in',9.99,2,'2019-11-08 00:00:00'),(10162,'U1063',10113,1,'To-Go',9.29,1,'2019-11-08 00:00:00'),(10162,'U1063',10118,2,'To-Go',4.99,2,'2019-11-08 00:00:00'),(10162,'U1063',10128,1,'To-Go',7.99,3,'2019-11-08 00:00:00'),(10162,'U1063',10272,4,'Dine_in',1.99,1,'2019-11-08 00:00:00'),(10163,'U1064',10018,3,'To-Go',3.69,1,'2019-11-08 00:00:00'),(10163,'U1064',60007,3,'To-Go',6,2,'2019-11-08 00:00:00'),(10164,'U1065',60003,2,'Dine_in',1.59,1,'2019-11-08 00:00:00'),(10164,'U1065',60005,2,'Dine_in',1.59,2,'2019-11-08 00:00:00'),(10164,'U1065',60008,1,'Dine_in',1.59,3,'2019-11-08 00:00:00'),(10164,'U1065',60009,1,'Dine_in',3.59,4,'2019-11-08 00:00:00'),(10165,'U1066',150054,1,'Dine_in',7.29,1,'2019-11-08 00:00:00'),(10165,'U1066',150055,1,'Dine_in',12.99,2,'2019-11-08 00:00:00'),(10165,'U1066',150056,1,'Dine_in',2.25,3,'2019-11-08 00:00:00'),(10166,'U1067',150070,2,'To-Go',3.25,1,'2019-11-08 00:00:00'),(10166,'U1067',150071,1,'To-Go',3.25,2,'2019-11-08 00:00:00'),(10166,'U1067',150072,2,'To-Go',11.99,3,'2019-11-08 00:00:00'),(10166,'U1067',150073,1,'To-Go',12.99,4,'2019-11-08 00:00:00'),(10167,'U1068',150101,1,'To-Go',15.99,1,'2019-11-08 00:00:00'),(10167,'U1068',150102,1,'To-Go',3.99,2,'2019-11-08 00:00:00'),(10168,'U1069',150091,1,'Dine_in',15.99,1,'2019-11-08 00:00:00'),(10168,'U1069',150092,1,'Dine_in',14.99,2,'2019-11-08 00:00:00'),(10168,'U1069',150093,2,'Dine_in',1.99,3,'2019-11-08 00:00:00'),(10168,'U1069',120377,1,'Dine_in',3.25,4,'2019-11-08 00:00:00'),(10168,'U1069',120379,2,'Dine_in',3.25,5,'2019-11-08 00:00:00'),(10169,'U1070',150047,2,'To-Go',9.29,1,'2019-11-08 00:00:00'),(10170,'U1071',120392,1,'Dine_in',5.45,1,'2019-11-08 00:00:00'),(10170,'U1071',120404,1,'Dine_in',3.45,3,'2019-11-08 00:00:00'),(10170,'U1071',120409,1,'Dine_in',11.29,2,'2019-11-08 00:00:00'),(10170,'U1071',120410,1,'Dine_in',10.99,4,'2019-11-08 00:00:00'),(10171,'U1072',120355,1,'Dine_in',3.25,1,'2019-11-08 00:00:00'),(10171,'U1072',120356,1,'Dine_in',3.25,3,'2019-11-08 00:00:00'),(10171,'U1072',120357,1,'Dine_in',3.25,4,'2019-11-08 00:00:00'),(10171,'U1072',120358,1,'Dine_in',2.79,2,'2019-11-08 00:00:00'),(10171,'U1072',120359,1,'Dine_in',2.79,5,'2019-11-08 00:00:00'),(10171,'U1072',120360,1,'Dine_in',2.79,6,'2019-11-08 00:00:00'),(10171,'U1072',10126,2,'Dine_in',8.29,7,'2019-11-08 00:00:00'),(10171,'U1072',10128,2,'Dine_in',7.99,8,'2019-11-08 00:00:00'),(10172,'U1073',150085,1,'To-Go',16.99,1,'2019-11-08 00:00:00'),(10172,'U1073',150086,1,'To-Go',15.29,2,'2019-11-08 00:00:00'),(10172,'U1073',150094,1,'To-Go',1.99,3,'2019-11-08 00:00:00'),(10173,'U1074',130851,1,'Dine_in',2.15,1,'2019-11-08 00:00:00'),(10173,'U1074',130853,2,'Dine_in',2.15,2,'2019-11-08 00:00:00'),(10173,'U1074',130854,1,'Dine_in',2.79,3,'2019-11-08 00:00:00'),(10173,'U1074',140005,2,'Dine_in',2.99,4,'2019-11-08 00:00:00'),(10173,'U1074',140006,2,'Dine_in',8.99,5,'2019-11-08 00:00:00'),(10173,'U1074',140007,1,'Dine_in',10.59,6,'2019-11-08 00:00:00'),(10174,'U1075',120390,2,'Dine_in',3,2,'2019-11-08 00:00:00'),(10174,'U1075',90108,2,'Dine_in',4.56,1,'2019-11-08 00:00:00'),(10175,'U1076',60024,1,'To-Go',10.49,1,'2019-11-08 00:00:00'),(10175,'U1076',60026,1,'To-Go',10.49,2,'2019-11-08 00:00:00'),(10175,'U1076',130848,2,'To-Go',2.15,5,'2019-11-08 00:00:00'),(10175,'U1076',130849,1,'To-Go',2.15,4,'2019-11-08 00:00:00'),(10175,'U1076',130850,1,'To-Go',2.15,3,'2019-11-08 00:00:00'),(10176,'U1077',10128,2,'Dine_in',7.99,1,'2019-11-08 00:00:00'),(10176,'U1077',10175,3,'Dine_in',17.99,2,'2019-11-08 00:00:00'),(10176,'U1077',10184,1,'Dine_in',12.99,3,'2019-11-08 00:00:00'),(10176,'U1077',10195,1,'Dine_in',11.99,4,'2019-11-08 00:00:00'),(10176,'U1077',10272,4,'Dine_in',1.99,5,'2019-11-08 00:00:00'),(10177,'U1078',150073,1,'Dine_in',12.99,1,'2019-11-08 00:00:00'),(10177,'U1078',150074,1,'Dine_in',13.99,2,'2019-11-08 00:00:00'),(10177,'U1078',150075,1,'Dine_in',8.99,3,'2019-11-08 00:00:00'),(10177,'U1078',150076,1,'Dine_in',15.88,4,'2019-11-08 00:00:00'),(10178,'U1079',150077,2,'To-Go',14.99,1,'2019-11-08 00:00:00'),(10178,'U1079',150078,1,'To-Go',12.99,2,'2019-11-08 00:00:00'),(10178,'U1079',150063,1,'To-Go',7.25,3,'2019-11-08 00:00:00'),(10178,'U1079',150064,1,'Dine_in',7.25,4,'2019-11-08 00:00:00'),(10179,'U1080',150065,1,'Dine_in',4.25,2,'2019-11-08 00:00:00'),(10180,'U1081',150088,3,'To-Go',4.25,1,'2019-11-08 00:00:00'),(10181,'U1082',150066,1,'To-Go',2.29,1,'2019-11-08 00:00:00'),(10182,'U1083',10293,1,'To-Go',2.29,1,'2019-11-08 00:00:00'),(10183,'U1084',10294,2,'Dine_in',1.29,1,'2019-11-08 00:00:00'),(10184,'U1085',29000,1,'To-Go',2.29,1,'2019-11-08 00:00:00'),(10185,'U1086',29001,2,'To-Go',7.29,1,'2019-11-08 00:00:00'),(10186,'U1087',29026,1,'Dine_in',5.49,1,'2019-11-08 00:00:00'),(10187,'U1088',29030,1,'Dine_in',10.49,3,'2019-11-08 00:00:00'),(10187,'U1088',29056,4,'Dine_in',2.29,2,'2019-11-08 00:00:00'),(10187,'U1088',29059,2,'Dine_in',5.29,1,'2019-11-08 00:00:00'),(10187,'U1088',60049,3,'Dine_in',7.45,4,'2019-11-08 00:00:00'),(10187,'U1088',90094,1,'Dine_in',7.75,5,'2019-11-08 00:00:00'),(10187,'U1088',90137,1,'To-Go',12.49,6,'2019-11-08 00:00:00'),(10188,'U1089',90160,1,'To-Go',2.25,2,'2019-11-08 00:00:00'),(10188,'U1089',120272,2,'To-Go',10,3,'2019-11-08 00:00:00'),(10188,'U1089',120273,1,'To-Go',10,4,'2019-11-08 00:00:00'),(10188,'U1089',120275,1,'Dine_in',1.2,1,'2019-11-08 00:00:00'),(10189,'U1090',120276,2,'Dine_in',1.25,1,'2019-11-08 00:00:00'),(10190,'U1091',120277,1,'To-Go',1.99,1,'2019-11-08 00:00:00'),(10191,'U1092',120278,2,'To-Go',1.52,1,'2019-11-08 00:00:00'),(10192,'U1093',120280,1,'To-Go',10.25,1,'2019-11-08 00:00:00'),(10193,'U1094',120287,1,'Dine_in',8,1,'2019-11-08 00:00:00'),(10194,'U1095',120321,1,'Dine_in',10.59,1,'2019-11-08 00:00:00'),(10195,'U1096',120322,1,'Dine_in',10.25,1,'2019-11-08 00:00:00'),(10196,'U1097',120324,2,'Dine_in',11.49,2,'2019-11-08 00:00:00'),(10196,'U1097',120326,3,'Dine_in',10.59,1,'2019-11-08 00:00:00'),(10196,'U1097',120331,4,'To-Go',2.12,3,'2019-11-08 00:00:00'),(10196,'U1097',120332,1,'To-Go',2.25,4,'2019-11-08 00:00:00'),(10197,'U1098',120333,1,'To-Go',2.56,1,'2019-11-08 00:00:00'),(10197,'U1098',10277,3,'Dine_in',2.29,2,'2019-11-08 00:00:00'),(10197,'U1098',10284,2,'Dine_in',2.29,3,'2019-11-08 00:00:00'),(10197,'U1098',10254,2,'To-Go',1.29,4,'2019-11-08 00:00:00'),(10198,'U1099',60058,1,'Dine_in',1.59,4,'2019-11-08 00:00:00'),(10198,'U1099',120277,5,'To-Go',1.99,2,'2019-11-08 00:00:00'),(10199,'U1100',120391,2,'To-Go',3.2,3,'2019-11-08 00:00:00'),(10199,'U1100',120392,1,'Dine_in',5.45,1,'2019-11-08 00:00:00'),(10200,'U1101',120404,3,'To-Go',3.45,1,'2019-11-08 00:00:00'),(10200,'U1101',120409,2,'Dine_in',11.29,2,'2019-11-08 00:00:00'),(10200,'U1101',120410,1,'Dine_in',10.99,3,'2019-11-08 00:00:00'),(10200,'U1101',150052,2,'Dine_in',3.99,4,'2019-11-08 00:00:00'),(10200,'U1101',150069,1,'Dine_in',6.25,5,'2019-11-08 00:00:00'),(10201,'U1102',150093,4,'Dine_in',1.99,2,'2019-11-08 00:00:00'),(10201,'U1102',150099,1,'To-Go',9.99,15,'2019-11-08 00:00:00'),(10201,'U1102',150100,3,'To-Go',10.69,5,'2019-11-08 00:00:00'),(10202,'U1103',150072,3,'To-Go',11.99,4,'2019-11-08 00:00:00'),(10202,'U1103',150073,1,'Dine_in',12.99,1,'2019-11-08 00:00:00'),(10202,'U1103',150074,2,'Dine_in',13.99,2,'2019-11-08 00:00:00'),(10202,'U1103',150075,4,'To-Go',8.99,11,'2019-11-08 00:00:00'),(10203,'U1104',120276,2,'To-Go',1.25,1,'2019-11-08 00:00:00'),(10203,'U1104',120277,2,'Dine_in',1.99,4,'2019-11-08 00:00:00'),(10204,'U1105',120326,1,'To-Go',10.59,6,'2019-11-08 00:00:00'),(10204,'U1105',120331,3,'To-Go',2.12,4,'2019-11-08 00:00:00'),(10204,'U1105',120332,3,'To-Go',2.25,9,'2019-11-08 00:00:00'),(10205,'U1106',120410,3,'To-Go',10.99,12,'2019-11-08 00:00:00'),(10206,'U1107',120404,2,'To-Go',3.45,14,'2019-11-08 00:00:00'),(10206,'U1107',120409,4,'To-Go',11.29,7,'2019-11-08 00:00:00'),(10206,'U1107',120410,3,'To-Go',10.99,12,'2019-11-08 00:00:00'),(10207,'U1108',120273,1,'Dine_in',10,5,'2019-11-08 00:00:00'),(10207,'U1108',120275,2,'To-Go',1.2,2,'2019-11-08 00:00:00'),(10207,'U1108',120276,2,'To-Go',1.25,1,'2019-11-08 00:00:00'),(10208,'U1109',150100,3,'To-Go',10.69,5,'2019-11-08 00:00:00'),(10209,'U1110',120377,1,'To-Go',3.25,2,'2019-11-08 00:00:00'),(10209,'U1110',120378,1,'To-Go',3.25,2,'2019-11-08 00:00:00'),(10210,'U1111',120364,3,'To-Go',2.79,1,'2019-11-08 00:00:00'),(10210,'U1111',120365,4,'Dine_in',2.79,9,'2019-11-08 00:00:00'),(10210,'U1111',120366,3,'Dine_in',3.25,10,'2019-11-08 00:00:00'),(10211,'U1112',10018,3,'To-Go',3.69,1,'2019-11-08 00:00:00'),(10212,'U1113',60007,3,'To-Go',6,4,'2019-11-08 00:00:00'),(10212,'U1113',10020,2,'Dine_in',3.69,1,'2019-11-08 00:00:00'),(10213,'U1114',120276,2,'To-Go',1.25,1,'2019-11-08 00:00:00'),(10214,'U1115',120372,1,'Dine_in',2.79,4,'2019-11-08 00:00:00'),(10214,'U1115',120373,3,'Dine_in',2.25,3,'2019-11-08 00:00:00'),(10214,'U1115',120374,2,'To-Go',3.25,11,'2019-11-08 00:00:00'),(10215,'U1116',130838,1,'To-Go',2.15,2,'2019-11-08 00:00:00'),(10216,'U1117',10012,2,'To-Go',3.69,3,'2019-11-08 00:00:00'),(10216,'U1117',10013,3,'Dine_in',3.69,2,'2019-11-08 00:00:00'),(10216,'U1117',10014,2,'To-Go',3.69,4,'2019-11-08 00:00:00'),(10216,'U1117',10020,2,'Dine_in',3.69,1,'2019-11-08 00:00:00'),(10217,'U1118',90144,2,'To-Go',5.26,10,'2019-11-08 00:00:00'),(10217,'U1118',90146,4,'Dine_in',5,12,'2019-11-08 00:00:00'),(10217,'U1118',90148,1,'Dine_in',11.49,14,'2019-11-08 00:00:00'),(10218,'U1119',10082,2,'Dine_in',9.99,8,'2019-11-08 00:00:00'),(10218,'U1119',130838,1,'To-Go',2.15,2,'2019-11-08 00:00:00'),(10218,'U1119',10020,2,'Dine_in',3.69,1,'2019-11-08 00:00:00'),(10218,'U1119',120373,3,'Dine_in',2.25,3,'2019-11-08 00:00:00'),(10219,'U1120',10013,3,'Dine_in',3.69,2,'2019-11-08 00:00:00'),(10219,'U1120',10014,2,'To-Go',3.69,4,'2019-11-08 00:00:00'),(10219,'U1120',120372,1,'Dine_in',2.79,4,'2019-11-08 00:00:00'),(10219,'U1120',120373,3,'Dine_in',2.25,3,'2019-11-08 00:00:00'),(10220,'U1121',10013,3,'Dine_in',3.69,2,'2019-11-08 00:00:00'),(10220,'U1121',120374,2,'To-Go',3.25,11,'2019-11-08 00:00:00'),(10220,'U1121',10082,2,'Dine_in',9.99,8,'2019-11-08 00:00:00'),(10221,'U1122',120373,3,'Dine_in',2.25,3,'2019-11-08 00:00:00'),(10221,'U1122',10013,3,'Dine_in',3.69,2,'2019-11-08 00:00:00'),(10222,'U1123',150073,1,'Dine_in',12.99,1,'2019-11-08 00:00:00'),(10222,'U1123',10014,2,'To-Go',3.69,4,'2019-11-08 00:00:00'),(10222,'U1123',120373,3,'Dine_in',2.25,3,'2019-11-08 00:00:00'),(10223,'U1124',10068,4,'To-Go',6.29,11,'2019-11-08 00:00:00'),(10223,'U1124',10078,2,'To-Go',12.99,4,'2019-11-08 00:00:00'),(10223,'U1124',10082,2,'Dine_in',9.99,8,'2019-11-08 00:00:00'),(10224,'U1125',150080,3,'To-Go',9.99,2,'2019-11-08 00:00:00'),(10224,'U1125',150081,1,'Dine_in',13.59,12,'2019-11-08 00:00:00'),(10224,'U1125',150082,1,'Dine_in',17.99,14,'2019-11-08 00:00:00'),(10224,'U1125',150083,2,'Dine_in',14.99,13,'2019-11-08 00:00:00'),(10225,'U1126',140024,2,'To-Go',4.25,7,'2019-11-08 00:00:00'),(10225,'U1126',140028,3,'To-Go',4.25,2,'2019-11-08 00:00:00'),(10225,'U1126',140029,2,'Dine_in',5.59,6,'2019-11-08 00:00:00'),(10226,'U1127',140031,4,'Dine_in',2.25,1,'2019-11-08 00:00:00'),(10227,'U1128',120375,3,'To-Go',3.25,6,'2019-11-08 00:00:00'),(10227,'U1128',120376,1,'Dine_in',3.25,1,'2019-11-08 00:00:00'),(10227,'U1128',120377,1,'To-Go',3.25,2,'2019-11-08 00:00:00'),(10227,'U1128',120379,4,'To-Go',3.25,1,'2019-11-08 00:00:00'),(10228,'U1129',150087,4,'To-Go',11.28,1,'2019-11-08 00:00:00'),(10228,'U1129',150089,2,'To-Go',11.49,15,'2019-11-08 00:00:00'),(10228,'U1129',150090,2,'To-Go',11.99,3,'2019-11-08 00:00:00'),(10229,'U1130',29026,1,'To-Go',5.49,4,'2019-11-08 00:00:00'),(10229,'U1130',29030,1,'Dine_in',10.49,1,'2019-11-08 00:00:00'),(10229,'U1130',29056,4,'To-Go',2.29,6,'2019-11-08 00:00:00'),(10230,'U1131',120379,4,'To-Go',3.25,1,'2019-11-08 00:00:00'),(10231,'U1132',90137,4,'To-Go',12.49,15,'2019-11-08 00:00:00'),(10231,'U1132',120379,4,'To-Go',3.25,1,'2019-11-08 00:00:00'),(10231,'U1132',150087,4,'To-Go',11.28,1,'2019-11-08 00:00:00'),(10232,'U1133',10040,2,'To-Go',6.26,2,'2019-11-08 00:00:00'),(10232,'U1133',10056,4,'To-Go',5.29,1,'2019-11-08 00:00:00'),(10232,'U1133',10068,4,'To-Go',6.29,11,'2019-11-08 00:00:00'),(10233,'U1134',120371,3,'Dine_in',3.25,12,'2019-11-08 00:00:00'),(10233,'U1134',120326,1,'To-Go',10.59,6,'2019-11-08 00:00:00'),(10233,'U1134',150081,1,'Dine_in',13.59,12,'2019-11-08 00:00:00'),(10234,'U1135',120275,2,'To-Go',1.2,2,'2019-11-08 00:00:00'),(10234,'U1135',150073,1,'Dine_in',12.99,1,'2019-11-08 00:00:00'),(10234,'U1135',120365,4,'Dine_in',2.79,9,'2019-11-08 00:00:00'),(10235,'U1136',10082,2,'Dine_in',9.99,8,'2019-11-08 00:00:00'),(10235,'U1136',150086,2,'To-Go',15.29,9,'2019-11-08 00:00:00'),(10235,'U1136',10084,2,'Dine_in',9.99,8,'2019-11-08 00:00:00'),(10236,'U1137',10040,2,'To-Go',6.26,2,'2019-11-08 00:00:00'),(10236,'U1137',150081,1,'Dine_in',13.59,12,'2019-11-08 00:00:00'),(10237,'U1138',150065,3,'Dine_in',4.25,8,'2019-11-08 00:00:00'),(10237,'U1138',150081,1,'Dine_in',13.59,12,'2019-11-08 00:00:00'),(10237,'U1138',10020,2,'Dine_in',3.69,1,'2019-11-08 00:00:00');
/*!40000 ALTER TABLE `order_ods` ENABLE KEYS */;
UNLOCK TABLES;
/*!40103 SET TIME_ZONE=@OLD_TIME_ZONE */;

/*!40101 SET SQL_MODE=@OLD_SQL_MODE */;
/*!40014 SET FOREIGN_KEY_CHECKS=@OLD_FOREIGN_KEY_CHECKS */;
/*!40014 SET UNIQUE_CHECKS=@OLD_UNIQUE_CHECKS */;
/*!40101 SET CHARACTER_SET_CLIENT=@OLD_CHARACTER_SET_CLIENT */;
/*!40101 SET CHARACTER_SET_RESULTS=@OLD_CHARACTER_SET_RESULTS */;
/*!40101 SET COLLATION_CONNECTION=@OLD_COLLATION_CONNECTION */;
/*!40111 SET SQL_NOTES=@OLD_SQL_NOTES */;

-- Dump completed on 2019-11-08 18:51:15
